player_id,player_name,team_id,team,team_code,position_raw
520070,Melvin MASTIL,43843,Algeria,ALG,Goalkeeper
376285,Aissa MANDI,43843,Algeria,ALG,Defender
512127,Achref ABADA,43843,Algeria,ALG,Defender
433600,Mohamed Amine TOUGAI,43843,Algeria,ALG,Defender
480983,Zineddine BELAID,43843,Algeria,ALG,Defender
433679,Ramiz ZERROUKI,43843,Algeria,ALG,Midfielder
379942,Riyad Mahrez,43843,Algeria,ALG,Forward
430698,Houssem Aouar,43843,Algeria,ALG,Midfielder
405877,Amine GOUIRI,43843,Algeria,ALG,Forward
477795,Fares CHAIBI,43843,Algeria,ALG,Midfielder
482874,Anis HADJ MOUSSA,43843,Algeria,ALG,Forward
520071,Nadhir BENBOUALI,43843,Algeria,ALG,Forward
482869,Jaouen HADJAM,43843,Algeria,ALG,Defender
441350,Hicham BOUDAOUI,43843,Algeria,ALG,Midfielder
431858,Rayan AIT-NOURI,43843,Algeria,ALG,Defender
477817,Oussama BENBOT,43843,Algeria,ALG,Goalkeeper
511009,Rafik BELGHALI,43843,Algeria,ALG,Defender
477790,Mohamed AMOURA,43843,Algeria,ALG,Forward
379939,Nabil Bentaleb,43843,Algeria,ALG,Midfielder
512132,Adil BOULBINA,43843,Algeria,ALG,Forward
395113,Ramy BENSEBAINI,43843,Algeria,ALG,Defender
494291,Ibrahim MAZA,43843,Algeria,ALG,Midfielder
389879,Luca ZIDANE,43843,Algeria,ALG,Goalkeeper
433631,Yassine TITRAOUI,43843,Algeria,ALG,Midfielder
520072,Fares GHEDJEMIS,43843,Algeria,ALG,Forward
511010,Samir CHERGUI,43843,Algeria,ALG,Defender
430624,Juan MUSSO,43922,Argentina,ARG,Goalkeeper
402934,Marcos SENESI,43922,Argentina,ARG,Defender
308322,Nicolas TAGLIAFICO,43922,Argentina,ARG,Defender
402926,Gonzalo MONTIEL,43922,Argentina,ARG,Defender
332847,Leandro PAREDES,43922,Argentina,ARG,Midfielder
402921,Lisandro MARTINEZ,43922,Argentina,ARG,Defender
428882,Rodrigo DE PAUL,43922,Argentina,ARG,Midfielder
463661,Valentin BARCO,43922,Argentina,ARG,Midfielder
416081,Julian ALVAREZ,43922,Argentina,ARG,Forward
229397,Lionel MESSI,43922,Argentina,ARG,Forward
395414,Giovani Lo Celso,43922,Argentina,ARG,Midfielder
394824,Geronimo RULLI,43922,Argentina,ARG,Goalkeeper
431196,Cristian ROMERO,43922,Argentina,ARG,Defender
389485,Exequiel PALACIOS,43922,Argentina,ARG,Midfielder
430631,Nico GONZALEZ,43922,Argentina,ARG,Midfielder
418975,Thiago ALMADA,43922,Argentina,ARG,Forward
485595,Giuliano SIMEONE,43922,Argentina,ARG,Forward
441422,Nico PAZ,43922,Argentina,ARG,Forward
310116,Nicolas OTAMENDI,43922,Argentina,ARG,Defender
430628,Alexis MAC ALLISTER,43922,Argentina,ARG,Midfielder
495054,Jose Manuel LOPEZ,43922,Argentina,ARG,Forward
402920,Lautaro MARTINEZ,43922,Argentina,ARG,Forward
308300,Emiliano MARTINEZ,43922,Argentina,ARG,Goalkeeper
448252,Enzo FERNANDEZ,43922,Argentina,ARG,Midfielder
418963,Facundo MEDINA,43922,Argentina,ARG,Defender
402925,Nahuel MOLINA,43922,Argentina,ARG,Defender
339117,Mathew RYAN,43976,Australia,AUS,Goalkeeper
331149,Milos DEGENEK,43976,Australia,AUS,Defender
448014,Alessandro CIRCATI,43976,Australia,AUS,Defender
430450,Jacob ITALIANO,43976,Australia,AUS,Defender
423522,Jordan BOS,43976,Australia,AUS,Defender
339112,Jason GERIA,43976,Australia,AUS,Defender
321697,Mathew LECKIE,43976,Australia,AUS,Forward
430452,Connor METCALFE,43976,Australia,AUS,Midfielder
498806,Mohamed TOURE,43976,Australia,AUS,Forward
404319,Ajdin HRUSTIC,43976,Australia,AUS,Forward
406606,Awer MABIL,43976,Australia,AUS,Forward
331135,Paul Izzo,43976,Australia,AUS,Goalkeeper
430440,Aiden ONEILL,43976,Australia,AUS,Midfielder
430437,Cameron DEVLIN,43976,Australia,AUS,Midfielder
494411,Kai TREWIN,43976,Australia,AUS,Defender
349342,Aziz BEHICH,43976,Australia,AUS,Defender
486306,Nestory IRANKUNDA,43976,Australia,AUS,Forward
494557,Patrick BEACH,43976,Australia,AUS,Goalkeeper
430442,Harry SOUTTAR,43976,Australia,AUS,Defender
448015,Cristian VOLPATO,43976,Australia,AUS,Forward
382312,Cameron BURGESS,43976,Australia,AUS,Defender
355775,Jackson IRVINE,43976,Australia,AUS,Midfielder
491166,Nishan VELUPILLAY,43976,Australia,AUS,Forward
498421,Paul OKON-ENGSTLER,43976,Australia,AUS,Midfielder
504931,Lucas HERRINGTON,43976,Australia,AUS,Defender
518200,Tete YENGI,43976,Australia,AUS,Forward
371739,Alexander SCHLAGER,43934,Austria,AUT,Goalkeeper
520035,David AFFENGRUBER,43934,Austria,AUT,Defender
405263,Kevin Danso,43934,Austria,AUT,Defender
385531,Xaver Schlager,43934,Austria,AUT,Midfielder
441067,Stefan POSCH,43934,Austria,AUT,Defender
441088,Nicolas SEIWALD,43934,Austria,AUT,Midfielder
299200,Marko ARNAUTOVIC,43934,Austria,AUT,Forward
316002,David ALABA,43934,Austria,AUT,Defender
358241,Marcel SABITZER,43934,Austria,AUT,Midfielder
385248,Florian GRILLITSCH,43934,Austria,AUT,Midfielder
401131,Michael Gregoritsch,43934,Austria,AUT,Forward
520034,Florian WIEGELE,43934,Austria,AUT,Goalkeeper
441065,Patrick PENTZ,43934,Austria,AUT,Goalkeeper
430100,Sasa KALAJDZIC,43934,Austria,AUT,Forward
372243,Philipp Lienhart,43934,Austria,AUT,Defender
463288,Phillip MWENE,43934,Austria,AUT,Defender
463800,Carney CHUKWUEMEKA,43934,Austria,AUT,Midfielder
463283,Romano SCHMID,43934,Austria,AUT,Midfielder
441068,Dejan LJUBICIC,43934,Austria,AUT,Midfielder
385259,Konrad LAIMER,43934,Austria,AUT,Midfielder
463286,Patrick WIMMER,43934,Austria,AUT,Forward
463282,Alexander PRASS,43934,Austria,AUT,Midfielder
463287,Marco FRIEDL,43934,Austria,AUT,Defender
520036,Paul WANNER,43934,Austria,AUT,Midfielder
491269,Michael SVOBODA,43934,Austria,AUT,Defender
375600,Alessandro SCHOEPF,43934,Austria,AUT,Midfielder
358106,Thibaut COURTOIS,43935,Belgium,BEL,Goalkeeper
448369,Zeno DEBAST,43935,Belgium,BEL,Defender
448346,Arthur THEATE,43935,Belgium,BEL,Defender
448360,Brandon MECHELE,43935,Belgium,BEL,Defender
448373,Maxim DE CUYPER,43935,Belgium,BEL,Defender
290821,Axel WITSEL,43935,Belgium,BEL,Midfielder
358120,Kevin DE BRUYNE,43935,Belgium,BEL,Midfielder
401444,Youri TIELEMANS,43935,Belgium,BEL,Midfielder
358112,Romelu LUKAKU,43935,Belgium,BEL,Forward
448355,Leandro TROSSARD,43935,Belgium,BEL,Forward
448341,Jeremy DOKU,43935,Belgium,BEL,Forward
495348,Senne LAMMENS,43935,Belgium,BEL,Goalkeeper
499803,Mike PENDERS,43935,Belgium,BEL,Goalkeeper
448377,Dodi LUKEBAKIO,43935,Belgium,BEL,Forward
358122,Thomas MEUNIER,43935,Belgium,BEL,Defender
448366,Koni DE WINTER,43935,Belgium,BEL,Defender
448362,Charles DE KETELAERE,43935,Belgium,BEL,Forward
506088,Joaquin SEYS,43935,Belgium,BEL,Defender
497902,Diego MOREIRA,43935,Belgium,BEL,Midfielder
448343,Hans VANAKEN,43935,Belgium,BEL,Midfielder
411443,Timothy CASTAGNE,43935,Belgium,BEL,Defender
433092,Alexis SAELEMAEKERS,43935,Belgium,BEL,Midfielder
495349,Nicolas RASKIN,43935,Belgium,BEL,Midfielder
448364,Amadou ONANA,43935,Belgium,BEL,Midfielder
514166,Nathan NGOY,43935,Belgium,BEL,Defender
494025,Matias FERNANDEZ-PARDO,43935,Belgium,BEL,Forward
482978,Nikola VASILJ,44037,Bosnia and Herzegovina,BIH,Goalkeeper
482969,Nihad MUJAKIC,44037,Bosnia and Herzegovina,BIH,Defender
430194,Dennis HADZIKADUNIC,44037,Bosnia and Herzegovina,BIH,Defender
484022,Tarik MUHAREMOVIC,44037,Bosnia and Herzegovina,BIH,Defender
376230,Sead KOLASINAC,44037,Bosnia and Herzegovina,BIH,Defender
483966,Benjamin TAHIROVIC,44037,Bosnia and Herzegovina,BIH,Midfielder
482976,Amar DEDIC,44037,Bosnia and Herzegovina,BIH,Defender
489523,Armin GIGOVIC,44037,Bosnia and Herzegovina,BIH,Midfielder
485063,Samed BAZDAR,44037,Bosnia and Herzegovina,BIH,Forward
436743,Ermedin DEMIROVIC,44037,Bosnia and Herzegovina,BIH,Forward
300409,Edin DZEKO,44037,Bosnia and Herzegovina,BIH,Forward
522842,Mladen JURKAS,44037,Bosnia and Herzegovina,BIH,Goalkeeper
482974,Ivan BASIC,44037,Bosnia and Herzegovina,BIH,Midfielder
372436,Ivan SUNJIC,44037,Bosnia and Herzegovina,BIH,Midfielder
494640,Amar MEMIC,44037,Bosnia and Herzegovina,BIH,Midfielder
430196,Amir HADZIAHMETOVIC,44037,Bosnia and Herzegovina,BIH,Midfielder
389886,Dzenis BURNIC,44037,Bosnia and Herzegovina,BIH,Midfielder
489520,Nikola KATIC,44037,Bosnia and Herzegovina,BIH,Defender
504990,Kerim ALAJBEGOVIC,44037,Bosnia and Herzegovina,BIH,Forward
464566,Esmir BAJRAKTAREVIC,44037,Bosnia and Herzegovina,BIH,Forward
489521,Stjepan RADELJIC,44037,Bosnia and Herzegovina,BIH,Defender
491228,Martin ZLOMISLIC,44037,Bosnia and Herzegovina,BIH,Goalkeeper
482984,Haris TABAKOVIC,44037,Bosnia and Herzegovina,BIH,Forward
494639,Arjan MALIC,44037,Bosnia and Herzegovina,BIH,Defender
519954,Jovo LUKIC,44037,Bosnia and Herzegovina,BIH,Forward
522846,Ermin MAHMIC,44037,Bosnia and Herzegovina,BIH,Midfielder
308370,ALISSON,43924,Brazil,BRA,Goalkeeper
485069,EDERSON SILVA,43924,Brazil,BRA,Midfielder
430601,GABRIEL MAGALHAES,43924,Brazil,BRA,Defender
332946,MARQUINHOS,43924,Brazil,BRA,Defender
308386,CASEMIRO,43924,Brazil,BRA,Midfielder
335658,ALEX SANDRO,43924,Brazil,BRA,Defender
405742,VINICIUS JUNIOR,43924,Brazil,BRA,Forward
430605,BRUNO GUIMARAES,43924,Brazil,BRA,Midfielder
430609,MATHEUS CUNHA,43924,Brazil,BRA,Forward
314197,NEYMAR JR,43924,Brazil,BRA,Forward
433872,RAPHINHA,43924,Brazil,BRA,Forward
396315,WEVERTON,43924,Brazil,BRA,Goalkeeper
335656,DANILO,43924,Brazil,BRA,Defender
431889,BREMER,43924,Brazil,BRA,Defender
371956,LEO PEREIRA,43924,Brazil,BRA,Defender
367981,DOUGLAS SANTOS,43924,Brazil,BRA,Defender
394456,FABINHO,43924,Brazil,BRA,Midfielder
429392,DANILO SANTOS,43924,Brazil,BRA,Midfielder
463746,ENDRICK,43924,Brazil,BRA,Forward
411726,LUCAS PAQUETA,43924,Brazil,BRA,Midfielder
448420,LUIZ HENRIQUE,43924,Brazil,BRA,Forward
430597,GABRIEL MARTINELLI,43924,Brazil,BRA,Forward
395427,EDERSON,43924,Brazil,BRA,Goalkeeper
430594,ROGER IBANEZ,43924,Brazil,BRA,Defender
519836,IGOR THIAGO,43924,Brazil,BRA,Forward
475036,RAYAN,43924,Brazil,BRA,Forward
364752,VOZINHA,43850,Cabo Verde,CPV,Goalkeeper
297266,STOPIRA,43850,Cabo Verde,CPV,Defender
409241,DINEY BORGES,43850,Cabo Verde,CPV,Defender
477770,PICO LOPES,43850,Cabo Verde,CPV,Defender
477831,LOGAN COSTA,43850,Cabo Verde,CPV,Defender
477852,KEVIN PINA,43850,Cabo Verde,CPV,Midfielder
477856,JOVANE CABRAL,43850,Cabo Verde,CPV,Midfielder
477855,JOAO PAULO,43850,Cabo Verde,CPV,Midfielder
477862,GILSON BENCHIMOL,43850,Cabo Verde,CPV,Forward
401894,JAMIRO MONTEIRO,43850,Cabo Verde,CPV,Midfielder
373344,GARRY RODRIGUES,43850,Cabo Verde,CPV,Midfielder
407114,MARCIO ROSA,43850,Cabo Verde,CPV,Goalkeeper
477832,SIDNY LOPES CABRAL,43850,Cabo Verde,CPV,Defender
477827,DEROY DUARTE,43850,Cabo Verde,CPV,Midfielder
480966,LAROS DUARTE,43850,Cabo Verde,CPV,Midfielder
494313,YANNICK SEMEDO,43850,Cabo Verde,CPV,Midfielder
433724,WILLY SEMEDO,43850,Cabo Verde,CPV,Midfielder
494314,TELMO ARCANJO,43850,Cabo Verde,CPV,Midfielder
482782,DAILON LIVRAMENTO,43850,Cabo Verde,CPV,Forward
355642,RYAN MENDES,43850,Cabo Verde,CPV,Forward
401893,NUNO DA COSTA,43850,Cabo Verde,CPV,Midfielder
477847,STEVEN MOREIRA,43850,Cabo Verde,CPV,Defender
406281,CJ DOS SANTOS,43850,Cabo Verde,CPV,Goalkeeper
482783,WAGNER PINA,43850,Cabo Verde,CPV,Defender
482780,KELVIN PIRES,43850,Cabo Verde,CPV,Defender
477849,HELIO VARELA,43850,Cabo Verde,CPV,Midfielder
441255,Dayne ST. CLAIR,43899,Canada,CAN,Goalkeeper
441252,Alistair JOHNSTON,43899,Canada,CAN,Defender
514070,Alfie JONES,43899,Canada,CAN,Defender
480322,Luc DE FOUGEROLLES,43899,Canada,CAN,Defender
448402,Joel WATERMAN,43899,Canada,CAN,Defender
448390,Mathieu CHOINIERE,43899,Canada,CAN,Midfielder
433635,Stephen EUSTAQUIO,43899,Canada,CAN,Midfielder
441258,Ismael KONE,43899,Canada,CAN,Midfielder
390670,Cyle LARIN,43899,Canada,CAN,Forward
441257,Jonathan DAVID,43899,Canada,CAN,Forward
441259,Liam MILLAR,43899,Canada,CAN,Midfielder
486929,Tani OLUWASEYI,43899,Canada,CAN,Forward
371958,Derek CORNELIUS,43899,Canada,CAN,Defender
448411,Jacob SHAFFELBURG,43899,Canada,CAN,Midfielder
466585,Moise BOMBITO,43899,Canada,CAN,Defender
331732,Maxime CREPEAU,43899,Canada,CAN,Goalkeeper
430138,Tajon BUCHANAN,43899,Canada,CAN,Forward
463817,Owen GOODMAN,43899,Canada,CAN,Goalkeeper
412144,Alphonso DAVIES,43899,Canada,CAN,Defender
466687,Ali AHMED,43899,Canada,CAN,Forward
370986,Jonathan OSORIO,43899,Canada,CAN,Midfielder
431696,Richie LARYEA,43899,Canada,CAN,Defender
485064,Niko SIGUR,43899,Canada,CAN,Defender
493970,Promise DAVID,43899,Canada,CAN,Forward
423941,Nathan SALIBA,43899,Canada,CAN,Midfielder
423933,Jayden Nelson,43899,Canada,CAN,Forward
228686,David OSPINA,43926,Colombia,COL,Goalkeeper
431200,Daniel MUNOZ,43926,Colombia,COL,Defender
441622,Jhon LUCUMI,43926,Colombia,COL,Defender
315614,Santiago ARIAS,43926,Colombia,COL,Defender
470759,Kevin CASTANO,43926,Colombia,COL,Midfielder
473050,Richard RIOS,43926,Colombia,COL,Midfielder
428886,Luis DIAZ,43926,Colombia,COL,Forward
425580,Jorge CARRASCAL,43926,Colombia,COL,Midfielder
369530,Jhon CORDOBA,43926,Colombia,COL,Forward
269058,James RODRIGUEZ,43926,Colombia,COL,Midfielder
470760,Jhon ARIAS,43926,Colombia,COL,Midfielder
360642,Camilo VARGAS,43926,Colombia,COL,Goalkeeper
395552,Yerry MINA,43926,Colombia,COL,Defender
463902,Gustavo PUERTA,43926,Colombia,COL,Defender
489849,Juan PORTILLA,43926,Colombia,COL,Midfielder
395550,Jefferson LERMA,43926,Colombia,COL,Midfielder
394500,Johan MOJICA,43926,Colombia,COL,Defender
476345,Willer DITTA,43926,Colombia,COL,Defender
418881,Cucho HERNANDEZ,43926,Colombia,COL,Forward
356704,Juan QUINTERO,43926,Colombia,COL,Midfielder
405755,Jaminton CAMPAZ,43926,Colombia,COL,Forward
394376,Deiver MACHADO,43926,Colombia,COL,Defender
386013,Davinson SANCHEZ,43926,Colombia,COL,Defender
385998,Alvaro MONTERO,43926,Colombia,COL,Goalkeeper
428905,Luis SUAREZ,43926,Colombia,COL,Forward
492189,Andres GOMEZ,43926,Colombia,COL,Forward
441313,Lionel MPASI,20014,Congo DR,COD,Goalkeeper
426357,Aaron WAN-BISSAKA,20014,Congo DR,COD,Defender
504329,Steve KAPUADI,20014,Congo DR,COD,Defender
403063,Axel Tuanzebe,20014,Congo DR,COD,Defender
477829,Dylan BATUBINSIKA,20014,Congo DR,COD,Defender
494458,Ngalayel MUKAU,20014,Congo DR,COD,Midfielder
424119,Nathanael MBUKU,20014,Congo DR,COD,Midfielder
433076,Samuel Moutoussamy,20014,Congo DR,COD,Midfielder
510989,Brian CIPENGA,20014,Congo DR,COD,Forward
441317,Theo BONGONDA,20014,Congo DR,COD,Midfielder
336439,Gael KAKUTA,20014,Congo DR,COD,Forward
477833,Joris KAYEMBE,20014,Congo DR,COD,Defender
426506,Meschack ELIA,20014,Congo DR,COD,Forward
486147,Noah SADIKI,20014,Congo DR,COD,Midfielder
477864,Aaron TSHIBOLA,20014,Congo DR,COD,Midfielder
486196,Timothy FAYULU,20014,Congo DR,COD,Goalkeeper
336425,Cedric BAKAMBU,20014,Congo DR,COD,Forward
448128,Charles PICKEL,20014,Congo DR,COD,Midfielder
477859,Fiston MAYELE,20014,Congo DR,COD,Forward
441316,Yoane WISSA,20014,Congo DR,COD,Forward
514171,Matthieu EPOLO,20014,Congo DR,COD,Goalkeeper
356532,Chancel MBEMBA,20014,Congo DR,COD,Defender
477835,Simon BANZA,20014,Congo DR,COD,Forward
477853,Gedeon KALULU,20014,Congo DR,COD,Defender
433161,Edo Kayembe,20014,Congo DR,COD,Midfielder
436572,Arthur MASUAKU,20014,Congo DR,COD,Defender
405873,Yahia Fofana,43854,Côte d'Ivoire,CIV,Goalkeeper
477802,Ousmane DIOMANDE,43854,Côte d'Ivoire,CIV,Defender
407343,Ghislain KONAN,43854,Côte d'Ivoire,CIV,Defender
335807,Jean Michael SERI,43854,Côte d'Ivoire,CIV,Midfielder
430854,Wilfried SINGO,43854,Côte d'Ivoire,CIV,Defender
405175,Seko Fofana,43854,Côte d'Ivoire,CIV,Midfielder
477825,Odilon KOSSOUNOU,43854,Côte d'Ivoire,CIV,Defender
371609,Franck KESSIE,43854,Côte d'Ivoire,CIV,Midfielder
464103,Ange-Yoan BONNY,43854,Côte d'Ivoire,CIV,Forward
477778,Simon ADINGRA,43854,Côte d'Ivoire,CIV,Forward
510922,Yan DIOMANDE,43854,Côte d'Ivoire,CIV,Forward
464133,Elye WAHI,43854,Côte d'Ivoire,CIV,Forward
486260,Christopher OPERI,43854,Côte d'Ivoire,CIV,Defender
477777,Oumar DIAKITE,43854,Côte d'Ivoire,CIV,Forward
430822,Amad DIALLO,43854,Côte d'Ivoire,CIV,Forward
486259,Mohamed KONE,43854,Côte d'Ivoire,CIV,Goalkeeper
486317,Guela DOUE,43854,Côte d'Ivoire,CIV,Defender
430831,Ibrahim SANGARE,43854,Côte d'Ivoire,CIV,Midfielder
402261,Nicolas PEPE,43854,Côte d'Ivoire,CIV,Forward
486268,Emmanuel AGBADOU,43854,Côte d'Ivoire,CIV,Defender
419172,Evan NDICKA,43854,Côte d'Ivoire,CIV,Defender
485675,Evann GUESSAND,43854,Côte d'Ivoire,CIV,Forward
403090,Alban Lafont,43854,Côte d'Ivoire,CIV,Goalkeeper
506202,Bazoumana TOURE,43854,Côte d'Ivoire,CIV,Forward
430834,Parfait GUIAGON,43854,Côte d'Ivoire,CIV,Midfielder
514208,Christ Inao OULAI,43854,Côte d'Ivoire,CIV,Midfielder
369029,Dominik LIVAKOVIC,43938,Croatia,CRO,Goalkeeper
433667,Josip STANISIC,43938,Croatia,CRO,Defender
448174,Marin PONGRACIC,43938,Croatia,CRO,Defender
448180,Josko GVARDIOL,43938,Croatia,CRO,Defender
372424,Duje CALETA-CAR,43938,Croatia,CRO,Defender
448171,Josip SUTALO,43938,Croatia,CRO,Defender
389753,Nikola Moro,43938,Croatia,CRO,Midfielder
339987,Mateo KOVACIC,43938,Croatia,CRO,Midfielder
336472,Andrej KRAMARIC,43938,Croatia,CRO,Forward
241559,Luka MODRIC,43938,Croatia,CRO,Midfielder
430070,Ante BUDIMIR,43938,Croatia,CRO,Forward
514526,Ivor PANDUR,43938,Croatia,CRO,Goalkeeper
409191,Nikola VLASIC,43938,Croatia,CRO,Midfielder
359381,Ivan PERISIC,43938,Croatia,CRO,Forward
380005,Mario PASALIC,43938,Croatia,CRO,Midfielder
482774,Martin BATURINA,43938,Croatia,CRO,Midfielder
485066,Petar SUCIC,43938,Croatia,CRO,Midfielder
448164,Kristijan JAKIC,43938,Croatia,CRO,Defender
485065,Toni FRUK,43938,Croatia,CRO,Midfielder
485068,Igor MATANOVIC,43938,Croatia,CRO,Forward
448160,Luka SUCIC,43938,Croatia,CRO,Midfielder
499290,Luka VUSKOVIC,43938,Croatia,CRO,Defender
448179,Dominik KOTARSKI,43938,Croatia,CRO,Goalkeeper
482931,Marco PASALIC,43938,Croatia,CRO,Forward
389740,Martin ERLIC,43938,Croatia,CRO,Defender
389754,Petar Musa,43938,Croatia,CRO,Forward
390650,Eloy ROOM,1895293,Curaçao,CUW,Goalkeeper
485379,Shurandy SAMBO,1895293,Curaçao,CUW,Defender
431698,Jurien GAARI,1895293,Curaçao,CUW,Defender
466361,Roshon VAN EIJMA,1895293,Curaçao,CUW,Defender
466350,Sherel FLORANUS,1895293,Curaçao,CUW,Defender
466359,Godfried ROEMERATOE,1895293,Curaçao,CUW,Midfielder
466317,Juninho BACUNA,1895293,Curaçao,CUW,Midfielder
494989,Livano COMENENCIA,1895293,Curaçao,CUW,Midfielder
407680,Juergen LOCADIA,1895293,Curaçao,CUW,Forward
466340,Leandro BACUNA,1895293,Curaçao,CUW,Midfielder
424047,Jeremy Antonisse,1895293,Curaçao,CUW,Forward
424056,Sontje HANSEN,1895293,Curaçao,CUW,Forward
506473,Tyrese NOSLIN,1895293,Curaçao,CUW,Forward
466352,Kenji GORRE,1895293,Curaçao,CUW,Forward
485324,Arjany MARTHA,1895293,Curaçao,CUW,Midfielder
466363,Jearl MARGARITHA,1895293,Curaçao,CUW,Forward
466346,Brandley KUWAS,1895293,Curaçao,CUW,Forward
511141,Armando OBISPO,1895293,Curaçao,CUW,Defender
466372,Gervane KASTANEER,1895293,Curaçao,CUW,Forward
401023,Joshua BRENET,1895293,Curaçao,CUW,Defender
485347,Tahith CHONG,1895293,Curaçao,CUW,Midfielder
466365,Kevin FELIDA,1895293,Curaçao,CUW,Midfielder
398569,Riechedly Bazoer,1895293,Curaçao,CUW,Defender
506471,Deveron FONVILLE,1895293,Curaçao,CUW,Defender
466370,Tyrick BODAK,1895293,Curaçao,CUW,Goalkeeper
466382,Trevor DOORNBUSCH,1895293,Curaçao,CUW,Goalkeeper
484012,Matej KOVAR,43995,Czechia,CZE,Goalkeeper
433755,David Zima,43995,Czechia,CZE,Defender
441167,Tomas HOLES,43995,Czechia,CZE,Defender
486080,Robin HRANAC,43995,Czechia,CZE,Defender
472908,Vladimir COUFAL,43995,Czechia,CZE,Defender
514334,Stepan CHALOUPEK,43995,Czechia,CZE,Defender
441170,Ladislav KREJCI,43995,Czechia,CZE,Defender
358003,Vladimir DARIDA,43995,Czechia,CZE,Midfielder
433754,Adam HLOZEK,43995,Czechia,CZE,Forward
401481,Patrik Schick,43995,Czechia,CZE,Forward
441171,Jan KUCHTA,43995,Czechia,CZE,Forward
486081,Lukas CERV,43995,Czechia,CZE,Midfielder
484003,Mojmir CHYTIL,43995,Czechia,CZE,Forward
483990,David JURASEK,43995,Czechia,CZE,Defender
486082,Pavel SULC,43995,Czechia,CZE,Forward
441162,Jindrich STANEK,43995,Czechia,CZE,Goalkeeper
484011,Lukas PROVOD,43995,Czechia,CZE,Midfielder
433668,Michal SADILEK,43995,Czechia,CZE,Midfielder
483961,Tomas CHORY,43995,Czechia,CZE,Forward
441166,Jaroslav ZELENY,43995,Czechia,CZE,Defender
483936,David DOUDERA,43995,Czechia,CZE,Defender
404885,Tomas SOUCEK,43995,Czechia,CZE,Midfielder
511118,Lukas HORNICEK,43995,Czechia,CZE,Goalkeeper
523097,Alexandr SOJKA,43995,Czechia,CZE,Midfielder
506775,Hugo SOCHUREK,43995,Czechia,CZE,Midfielder
519985,Denis VISINSKY,43995,Czechia,CZE,Forward
441236,Hernan GALINDEZ,43927,Ecuador,ECU,Goalkeeper
402979,Felix TORRES,43927,Ecuador,ECU,Defender
424031,Piero HINCAPIE,43927,Ecuador,ECU,Defender
463465,Joel ORDONEZ,43927,Ecuador,ECU,Defender
419005,Jordy ALCIVAR,43927,Ecuador,ECU,Midfielder
448290,Willian PACHO,43927,Ecuador,ECU,Defender
389782,Pervis ESTUPINAN,43927,Ecuador,ECU,Defender
448299,Anthony VALENCIA,43927,Ecuador,ECU,Midfielder
405920,John YEBOAH,43927,Ecuador,ECU,Forward
463495,Kendry PAEZ,43927,Ecuador,ECU,Midfielder
448310,Kevin RODRIGUEZ,43927,Ecuador,ECU,Forward
419002,Moises RAMIREZ,43927,Ecuador,ECU,Goalkeeper
373400,Enner VALENCIA,43927,Ecuador,ECU,Forward
463468,Alan MINDA,43927,Ecuador,ECU,Midfielder
424036,Pedro VITE,43927,Ecuador,ECU,Midfielder
402985,Jordy CAICEDO,43927,Ecuador,ECU,Forward
402974,Angelo PRECIADO,43927,Ecuador,ECU,Defender
463476,Denil CASTILLO,43927,Ecuador,ECU,Midfielder
419020,Gonzalo PLATA,43927,Ecuador,ECU,Forward
448312,Nilson ANGULO,43927,Ecuador,ECU,Forward
389784,Alan FRANCO,43927,Ecuador,ECU,Midfielder
448295,Gonzalo VALLE,43927,Ecuador,ECU,Goalkeeper
428885,Moises CAICEDO,43927,Ecuador,ECU,Midfielder
514326,Jeremy AREVALO,43927,Ecuador,ECU,Forward
419003,Jackson POROZO,43927,Ecuador,ECU,Defender
463489,Yaimar MEDINA,43927,Ecuador,ECU,Defender
408948,MOHAMED ELSHENAWY,43855,Egypt,EGY,Goalkeeper
369267,YASSER IBRAHIM,43855,Egypt,EGY,Defender
408950,MOHAMED HANY,43855,Egypt,EGY,Defender
483182,HOSSAM ABDELMAGUID,43855,Egypt,EGY,Defender
344661,RAMY RABIA,43855,Egypt,EGY,Defender
416902,MOHAMED ABDELMONEIM,43855,Egypt,EGY,Defender
363863,TREZEGUET,43855,Egypt,EGY,Forward
430482,EMAM ASHOUR,43855,Egypt,EGY,Midfielder
495488,HAMZA ABDELKARIM,43855,Egypt,EGY,Forward
344654,MOHAMED SALAH,43855,Egypt,EGY,Forward
483161,MOSTAFA ZICO,43855,Egypt,EGY,Midfielder
424106,Haissem HASSAN,43855,Egypt,EGY,Forward
430477,AHMED FATOUH,43855,Egypt,EGY,Defender
429095,HAMDY FATHY,43855,Egypt,EGY,Midfielder
407022,KARIM HAFEZ,43855,Egypt,EGY,Defender
395860,MAHDY SOLIMAN,43855,Egypt,EGY,Goalkeeper
433469,MOHANAD LASHIN,43855,Egypt,EGY,Midfielder
433466,NABIL DONGA,43855,Egypt,EGY,Midfielder
461788,MARAWAN ATTIA,43855,Egypt,EGY,Midfielder
430465,IBRAHIM ADEL,43855,Egypt,EGY,Forward
483183,MAHMOUD SABER,43855,Egypt,EGY,Midfielder
430476,OMAR MARMOUSH,43855,Egypt,EGY,Forward
416906,MOSTAFA SHOUBIR,43855,Egypt,EGY,Goalkeeper
506124,TAREK ALAA,43855,Egypt,EGY,Defender
433461,ZIZO,43855,Egypt,EGY,Forward
512079,MOHAMED ALAA,43855,Egypt,EGY,Goalkeeper
336022,Jordan PICKFORD,43942,England,ENG,Goalkeeper
403049,Ezri KONSA,43942,England,ENG,Defender
463780,Nico OREILLY,43942,England,ENG,Defender
433097,Declan RICE,43942,England,ENG,Midfielder
369434,John STONES,43942,England,ENG,Defender
405841,Marc GUEHI,43942,England,ENG,Defender
448196,Bukayo SAKA,43942,England,ENG,Forward
481610,Elliot ANDERSON,43942,England,ENG,Midfielder
369419,Harry KANE,43942,England,ENG,Forward
448202,Jude BELLINGHAM,43942,England,ENG,Midfielder
401470,Marcus RASHFORD,43942,England,ENG,Forward
439691,Trevoh CHALOBAH,43942,England,ENG,Defender
403046,Dean Henderson,43942,England,ENG,Goalkeeper
356189,Jordan HENDERSON,43942,England,ENG,Midfielder
494345,Dan BURN,43942,England,ENG,Defender
482621,Kobbie MAINOO,43942,England,ENG,Midfielder
492716,Morgan ROGERS,43942,England,ENG,Midfielder
448189,Anthony GORDON,43942,England,ENG,Forward
448203,Ollie WATKINS,43942,England,ENG,Forward
489732,Noni MADUEKE,43942,England,ENG,Forward
473113,Eberechi EZE,43942,England,ENG,Midfielder
448198,Ivan TONEY,43942,England,ENG,Forward
485080,James TRAFFORD,43942,England,ENG,Goalkeeper
439641,Reece JAMES,43942,England,ENG,Defender
506329,Djed SPENCE,43942,England,ENG,Defender
463809,Jarell QUANSAH,43942,England,ENG,Defender
483471,Brice SAMBA,43946,France,FRA,Goalkeeper
464055,Malo GUSTO,43946,France,FRA,Defender
368860,Lucas Digne,43946,France,FRA,Defender
389876,Dayot UPAMECANO,43946,France,FRA,Defender
430707,Jules KOUNDE,43946,France,FRA,Defender
485677,Manu KONE,43946,France,FRA,Midfielder
398680,Ousmane DEMBELE,43946,France,FRA,Forward
405893,Aurelien TCHOUAMENI,43946,France,FRA,Midfielder
403109,Marcus THURAM,43946,France,FRA,Forward
389867,Kylian MBAPPE,43946,France,FRA,Forward
485655,Michael OLISE,43946,France,FRA,Forward
484860,Bradley BARCOLA,43946,France,FRA,Forward
398681,Ngolo KANTE,43946,France,FRA,Midfielder
402047,Adrien RABIOT,43946,France,FRA,Midfielder
419166,Ibrahima KONATE,43946,France,FRA,Defender
448332,Mike MAIGNAN,43946,France,FRA,Goalkeeper
419177,William SALIBA,43946,France,FRA,Defender
483549,Warren ZAIRE-EMERY,43946,France,FRA,Midfielder
408042,Theo HERNANDEZ,43946,France,FRA,Defender
464114,Desire DOUE,43946,France,FRA,Forward
411470,Lucas HERNANDEZ,43946,France,FRA,Defender
403094,Jean-Philippe MATETA,43946,France,FRA,Forward
464127,Robin RISSER,43946,France,FRA,Goalkeeper
431861,Rayan CHERKI,43946,France,FRA,Midfielder
485666,Maghnes AKLIOUCHE,43946,France,FRA,Midfielder
405881,Maxence Lacroix,43946,France,FRA,Defender
228912,Manuel NEUER,43948,Germany,GER,Goalkeeper
379955,Antonio RUEDIGER,43948,Germany,GER,Defender
430658,Waldemar ANTON,43948,Germany,GER,Defender
401378,Jonathan TAH,43948,Germany,GER,Defender
484849,Aleksandar PAVLOVIC,43948,Germany,GER,Midfielder
386413,Joshua KIMMICH,43948,Germany,GER,Defender
411367,Kai HAVERTZ,43948,Germany,GER,Forward
379953,Leon GORETZKA,43948,Germany,GER,Midfielder
491218,Jamie LEWELING,43948,Germany,GER,Midfielder
429642,Jamal MUSIALA,43948,Germany,GER,Midfielder
498416,Nick WOLTEMADE,43948,Germany,GER,Forward
306538,Oliver Baumann,43948,Germany,GER,Goalkeeper
484848,Pascal GROSS,43948,Germany,GER,Midfielder
484850,Maximilian BEIER,43948,Germany,GER,Forward
430667,Nico SCHLOTTERBECK,43948,Germany,GER,Defender
429640,Angelo Stiller,43948,Germany,GER,Midfielder
430669,Florian WIRTZ,43948,Germany,GER,Midfielder
511015,Nathaniel BROWN,43948,Germany,GER,Defender
404353,Leroy SANE,43948,Germany,GER,Midfielder
395471,Nadiem Amiri,43948,Germany,GER,Midfielder
429639,Alexander NUEBEL,43948,Germany,GER,Goalkeeper
430657,David RAUM,43948,Germany,GER,Defender
492363,Felix NMECHA,43948,Germany,GER,Midfielder
514188,Malick THIAW,43948,Germany,GER,Defender
475195,Assan OUEDRAOGO,43948,Germany,GER,Midfielder
484851,Deniz UNDAV,43948,Germany,GER,Forward
386473,Lawrence Ati ZIGI,43860,Ghana,GHA,Goalkeeper
448522,Alidu SEIDU,43860,Ghana,GHA,Defender
506279,Caleb YIRENKYI,43860,Ghana,GHA,Midfielder
494351,Jonas ADJETEY,43860,Ghana,GHA,Defender
369089,Thomas PARTEY,43860,Ghana,GHA,Midfielder
441336,Abdul MUMIN,43860,Ghana,GHA,Defender
441342,Abdul FATAWU,43860,Ghana,GHA,Forward
507253,Kwasi SIBO,43860,Ghana,GHA,Midfielder
353235,Jordan AYEW,43860,Ghana,GHA,Forward
486213,Brandon THOMAS-ASANTE,43860,Ghana,GHA,Forward
448531,Antoine SEMENYO,43860,Ghana,GHA,Midfielder
506277,Joseph ANANG,43860,Ghana,GHA,Goalkeeper
494350,Christopher Bonsu BAAH,43860,Ghana,GHA,Forward
441333,Gideon MENSAH,43860,Ghana,GHA,Defender
441341,Elisha OWUSU,43860,Ghana,GHA,Midfielder
494349,Benjamin ASARE,43860,Ghana,GHA,Goalkeeper
367536,Baba RAHMAN,43860,Ghana,GHA,Defender
486150,Jerome OPOKU,43860,Ghana,GHA,Defender
411376,Inaki WILLIAMS,43860,Ghana,GHA,Forward
523173,Augustine BOAKYE,43860,Ghana,GHA,Midfielder
511022,Kojo Peprah OPPONG,43860,Ghana,GHA,Defender
448523,Kamaldeen SULEMANA,43860,Ghana,GHA,Forward
520037,Derrick LUCKASSEN,43860,Ghana,GHA,Defender
448525,Ernest NUAMAH,43860,Ghana,GHA,Forward
514401,Prince ADU,43860,Ghana,GHA,Forward
520039,Marvin SENAYA,43860,Ghana,GHA,Defender
295922,Johny Placide,43908,Haiti,HAI,Goalkeeper
397775,Carlens ARCUS,43908,Haiti,HAI,Defender
506481,Keeto THERMONCY,43908,Haiti,HAI,Defender
275917,Ricardo Ade,43908,Haiti,HAI,Defender
448363,Hannes DELCROIX,43908,Haiti,HAI,Defender
424556,Carl SAINTE,43908,Haiti,HAI,Midfielder
466865,Derrick ETIENNE,43908,Haiti,HAI,Forward
489300,Martin EXPERIENCE,43908,Haiti,HAI,Defender
394993,Duckens NAZON,43908,Haiti,HAI,Forward
430697,Jean-Ricner Bellegarde,43908,Haiti,HAI,Midfielder
481027,Louicius DEEDSON,43908,Haiti,HAI,Forward
466835,Alexandre PIERRE,43908,Haiti,HAI,Goalkeeper
466844,Markhus LACROIX,43908,Haiti,HAI,Defender
466862,Garven METUSALA,43908,Haiti,HAI,Defender
485664,Ruben PROVIDENCE,43908,Haiti,HAI,Forward
485676,Lenny JOSEPH,43908,Haiti,HAI,Forward
466838,Danley JEAN JACQUES,43908,Haiti,HAI,Midfielder
405879,Wilson Isidor,43908,Haiti,HAI,Forward
506483,Yassin FORTUNE,43908,Haiti,HAI,Forward
431693,Frantzdy Pierrot,43908,Haiti,HAI,Forward
510757,Josue CASIMIR,43908,Haiti,HAI,Forward
431781,Jean-Kevin DUVERNE,43908,Haiti,HAI,Defender
466853,Josue DUVERGER,43908,Haiti,HAI,Goalkeeper
498439,Wilguens PAUGAIN,43908,Haiti,HAI,Defender
523215,Dominique SIMON,43908,Haiti,HAI,Midfielder
485409,Woodensky PIERRE,43908,Haiti,HAI,Midfielder
380007,Alireza BEIRANVAND,43817,IR Iran,IRN,Goalkeeper
448505,Saleh HARDANI,43817,IR Iran,IRN,Defender
288961,Ehsan HAJISAFI,43817,IR Iran,IRN,Defender
346743,Shoja KHALILZADEH,43817,IR Iran,IRN,Defender
390537,Milad MOHAMMADI,43817,IR Iran,IRN,Defender
371736,Saeid EZATOLAHI,43817,IR Iran,IRN,Midfielder
379886,Alireza JAHANBAKHSH,43817,IR Iran,IRN,Midfielder
448497,Mohammad MOHEBBI,43817,IR Iran,IRN,Midfielder
388475,Mehdi TAREMI,43817,IR Iran,IRN,Forward
403236,Mehdi GHAYEDI,43817,IR Iran,IRN,Forward
416989,Ali Alipour,43817,IR Iran,IRN,Forward
448507,Payam NIAZMAND,43817,IR Iran,IRN,Goalkeeper
390534,Hossein KANANI,43817,IR Iran,IRN,Defender
411644,Saman GHODDOS,43817,IR Iran,IRN,Midfielder
406595,Roozbeh CHESHMI,43817,IR Iran,IRN,Midfielder
390535,Mehdi TORABI,43817,IR Iran,IRN,Midfielder
481181,Arya YOUSEFI,43817,IR Iran,IRN,Defender
405639,Amirhossein Hosseinzadeh,43817,IR Iran,IRN,Forward
489603,Ali NEMATI,43817,IR Iran,IRN,Defender
481180,Shahriyar MOGHANLOO,43817,IR Iran,IRN,Forward
482670,Mohammad GHORBANI,43817,IR Iran,IRN,Midfielder
314255,Hossein HOSSEINI,43817,IR Iran,IRN,Goalkeeper
384797,Ramin REZAEIAN,43817,IR Iran,IRN,Defender
519837,Dennis DARGAHI,43817,IR Iran,IRN,Forward
494429,Danial IRI,43817,IR Iran,IRN,Defender
475921,Amirmohammad RAZAGHINIA,43817,IR Iran,IRN,Midfielder
368744,FAHAD TALIB,43818,Iraq,IRQ,Goalkeeper
396158,REBIN SULAKA,43818,Iraq,IRQ,Defender
479553,Hussein Ali,43818,Iraq,IRQ,Defender
434025,ZAID TAHSEEN,43818,Iraq,IRQ,Defender
481183,AKAM HASHIM,43818,Iraq,IRQ,Defender
434024,MUNAF YOUNUS,43818,Iraq,IRQ,Defender
464458,YOUSSEF AMYN,43818,Iraq,IRQ,Midfielder
433585,IBRAHIM BAYESH,43818,Iraq,IRQ,Midfielder
436628,ALI ALHAMADI,43818,Iraq,IRQ,Forward
422968,MOHANAD ALI,43818,Iraq,IRQ,Forward
523236,AHMED QASEM,43818,Iraq,IRQ,Forward
347085,JALAL HASSAN,43818,Iraq,IRQ,Goalkeeper
434029,ALI YOUSIF,43818,Iraq,IRQ,Forward
434026,ZIDANE IQBAL,43818,Iraq,IRQ,Midfielder
484276,AHMED MAKNAZI,43818,Iraq,IRQ,Defender
433074,AMIR ALAMMARI,43818,Iraq,IRQ,Midfielder
464457,ALI JASIM,43818,Iraq,IRQ,Forward
395186,AYMEN HUSSEIN,43818,Iraq,IRQ,Forward
506069,KEVIN YAKOB,43818,Iraq,IRQ,Midfielder
493983,AIMAR SHER,43818,Iraq,IRQ,Midfielder
484262,MARKO FARJI,43818,Iraq,IRQ,Forward
433571,AHMED BASIL,43818,Iraq,IRQ,Goalkeeper
479072,MERCHAS DOSKI,43818,Iraq,IRQ,Defender
484270,ZAID ISMAEL,43818,Iraq,IRQ,Midfielder
479056,MUSTAFA SAADOON,43818,Iraq,IRQ,Defender
436863,FRANS PUTROS,43818,Iraq,IRQ,Defender
405530,Zion Suzuki,43819,Japan,JPN,Goalkeeper
405528,Yukinari Sugawara,43819,Japan,JPN,Defender
390541,Shogo TANIGUCHI,43819,Japan,JPN,Defender
400511,Kou ITAKURA,43819,Japan,JPN,Defender
291372,Yuto NAGATOMO,43819,Japan,JPN,Defender
448569,Shuto MACHINO,43819,Japan,JPN,Forward
400514,Ao TANAKA,43819,Japan,JPN,Midfielder
403304,Takefusa KUBO,43819,Japan,JPN,Midfielder
464339,Keisuke GOTO,43819,Japan,JPN,Forward
391646,Ritsu DOAN,43819,Japan,JPN,Midfielder
430407,Daizen MAEDA,43819,Japan,JPN,Midfielder
403305,Keisuke OSAKO,43819,Japan,JPN,Goalkeeper
405522,Keito Nakamura,43819,Japan,JPN,Midfielder
395321,Junya ITO,43819,Japan,JPN,Midfielder
448557,Daichi KAMADA,43819,Japan,JPN,Midfielder
430401,Tsuyoshi Watanabe,43819,Japan,JPN,Defender
485503,Yuito SUZUKI,43819,Japan,JPN,Midfielder
430413,Ayase UEDA,43819,Japan,JPN,Forward
403293,Koki OGAWA,43819,Japan,JPN,Forward
405527,Ayumu SEKO,43819,Japan,JPN,Defender
403274,Hiroki ITO,43819,Japan,JPN,Defender
403289,Takehiro TOMIYASU,43819,Japan,JPN,Defender
511710,Tomoki HAYAKAWA,43819,Japan,JPN,Goalkeeper
479294,Kaishu SANO,43819,Japan,JPN,Midfielder
498455,Junnosuke SUZUKI,43819,Japan,JPN,Defender
520218,Kento SHIOGAI,43819,Japan,JPN,Forward
397894,YAZEED ABULAILA,43820,Jordan,JOR,Goalkeeper
433526,MOHAMMAD ABUHASHEESH,43820,Jordan,JOR,Defender
433527,ABDALLAH NASIB,43820,Jordan,JOR,Defender
489550,HUSAM ABUDAHAB,43820,Jordan,JOR,Defender
431225,YAZAN ALARAB,43820,Jordan,JOR,Defender
491167,AMER JAMOUS,43820,Jordan,JOR,Midfielder
431208,MOHAMMAD ABUZRAIQ,43820,Jordan,JOR,Forward
431230,NOOR ALRAWABDEH,43820,Jordan,JOR,Midfielder
431212,ALI OLWAN,43820,Jordan,JOR,Forward
431211,MOUSA ALTAMARI,43820,Jordan,JOR,Forward
511875,ODEH FAKHOURY,43820,Jordan,JOR,Forward
483127,NOUR BANIATEYAH,43820,Jordan,JOR,Goalkeeper
396950,MAHMOUD ALMARDI,43820,Jordan,JOR,Forward
384850,RAJAEI AYED,43820,Jordan,JOR,Midfielder
431209,IBRAHIM SADEH,43820,Jordan,JOR,Midfielder
489551,MOHAMMAD ABUALNADI,43820,Jordan,JOR,Defender
499102,SALEEM OBAID,43820,Jordan,JOR,Defender
520068,MOHAMMAD ABUGHOUSH,43820,Jordan,JOR,Midfielder
431219,SAED ALROSAN,43820,Jordan,JOR,Defender
479389,MOHANNAD ABUTAHA,43820,Jordan,JOR,Midfielder
433534,NIZAR ALRASHDAN,43820,Jordan,JOR,Midfielder
431223,ABDALLAH ALFAKHORI,43820,Jordan,JOR,Goalkeeper
389437,EHSAN HADDAD,43820,Jordan,JOR,Defender
498514,ALI AZAIZEH,43820,Jordan,JOR,Forward
45191,MOHAMMAD ALDAOUD,43820,Jordan,JOR,Midfielder
511889,ANAS BADAWI,43820,Jordan,JOR,Defender
274281,KIM Seunggyu,43822,Korea Republic,KOR,Goalkeeper
423874,LEE Hanbeom,43822,Korea Republic,KOR,Defender
492315,LEE Gihyuk,43822,Korea Republic,KOR,Midfielder
395088,KIM Minjae,43822,Korea Republic,KOR,Defender
418485,KIM Taehyeon,43822,Korea Republic,KOR,Defender
395084,HWANG Inbeom,43822,Korea Republic,KOR,Midfielder
307849,SON Heungmin,43822,Korea Republic,KOR,Forward
402817,PAIK Seungho,43822,Korea Republic,KOR,Midfielder
430387,CHO Guesung,43822,Korea Republic,KOR,Forward
390525,LEE Jaesung,43822,Korea Republic,KOR,Midfielder
395083,HWANG Heechan,43822,Korea Republic,KOR,Midfielder
402820,SONG Bumkeun,43822,Korea Republic,KOR,Goalkeeper
423880,LEE Taeseok,43822,Korea Republic,KOR,Defender
522282,CHO Wije,43822,Korea Republic,KOR,Defender
448580,KIM Moonhwan,43822,Korea Republic,KOR,Defender
479316,PARK Jinseob,43822,Korea Republic,KOR,Defender
464374,BAE Junho,43822,Korea Republic,KOR,Midfielder
448586,OH Hyeongyu,43822,Korea Republic,KOR,Forward
418490,LEE Kangin,43822,Korea Republic,KOR,Midfielder
448585,YANG Hyunjun,43822,Korea Republic,KOR,Midfielder
397753,JO Hyeonwoo,43822,Korea Republic,KOR,Goalkeeper
429608,SEOL Youngwoo,43822,Korea Republic,KOR,Defender
511828,CASTROP Jens,43822,Korea Republic,KOR,Defender
430385,KIM Jingyu,43822,Korea Republic,KOR,Midfielder
423855,EOM Jisung,43822,Korea Republic,KOR,Midfielder
429600,LEE Donggyeong,43822,Korea Republic,KOR,Midfielder
485070,Raul RANGEL,43911,Mexico,MEX,Goalkeeper
403596,Jorge SANCHEZ,43911,Mexico,MEX,Defender
395516,Cesar MONTES,43911,Mexico,MEX,Defender
400634,Edson ALVAREZ,43911,Mexico,MEX,Defender
425701,Johan VASQUEZ,43911,Mexico,MEX,Defender
419518,Erik LIRA,43911,Mexico,MEX,Midfielder
430763,Luis ROMO,43911,Mexico,MEX,Midfielder
416576,Alvaro FIDALGO,43911,Mexico,MEX,Midfielder
356731,Raul JIMENEZ,43911,Mexico,MEX,Forward
430766,Alexis VEGA,43911,Mexico,MEX,Forward
430759,Santiago GIMENEZ,43911,Mexico,MEX,Forward
441260,Carlos ACEVEDO,43911,Mexico,MEX,Goalkeeper
215285,Guillermo OCHOA,43911,Mexico,MEX,Goalkeeper
514336,Armando GONZALEZ,43911,Mexico,MEX,Forward
441261,Israel REYES,43911,Mexico,MEX,Defender
429157,Julian QUINONES,43911,Mexico,MEX,Forward
372090,Orbelin PINEDA,43911,Mexico,MEX,Midfielder
461177,Obed VARGAS,43911,Mexico,MEX,Midfielder
500037,Gilberto MORA,43911,Mexico,MEX,Midfielder
500038,Mateo CHAVEZ,43911,Mexico,MEX,Defender
406135,Cesar HUERTA,43911,Mexico,MEX,Forward
386339,Guillermo MARTINEZ,43911,Mexico,MEX,Forward
402772,Jesus GALLARDO,43911,Mexico,MEX,Defender
448051,Luis CHAVEZ,43911,Mexico,MEX,Midfielder
403585,Roberto ALVARADO,43911,Mexico,MEX,Forward
464533,Brian GUTIERREZ,43911,Mexico,MEX,Midfielder
356956,Yassine BOUNOU,43872,Morocco,MAR,Goalkeeper
400721,Achraf HAKIMI,43872,Morocco,MAR,Defender
411680,Noussair MAZRAOUI,43872,Morocco,MAR,Defender
372266,Sofyan AMRABAT,43872,Morocco,MAR,Midfielder
395760,Marwane SAADANE,43872,Morocco,MAR,Defender
485760,Ayyoub BOUADDI,43872,Morocco,MAR,Midfielder
494293,Chemsdine TALBI,43872,Morocco,MAR,Midfielder
441307,Azzedine OUNAHI,43872,Morocco,MAR,Midfielder
433426,Soufiane RAHIMI,43872,Morocco,MAR,Forward
430740,Brahim DIAZ,43872,Morocco,MAR,Forward
448598,Ismael SAIBARI,43872,Morocco,MAR,Midfielder
395755,Munir EL KAJOUI,43872,Morocco,MAR,Goalkeeper
485756,Zakaria EL OUAHDI,43872,Morocco,MAR,Defender
403083,Issa Diop,43872,Morocco,MAR,Defender
505097,Samir EL MOURABET,43872,Morocco,MAR,Midfielder
505112,Gessime YASSINE,43872,Morocco,MAR,Midfielder
524320,Amine SBAI,43872,Morocco,MAR,Forward
448607,Chadi RIAD,43872,Morocco,MAR,Defender
494742,Youssef BELAMMARI,43872,Morocco,MAR,Defender
411678,Ayoub El Kaabi,43872,Morocco,MAR,Forward
523288,Ayoube AMAIMOUNI,43872,Morocco,MAR,Forward
371553,Ahmed Reda TAGNAOUTI,43872,Morocco,MAR,Goalkeeper
448612,Bilal EL KHANNOUSS,43872,Morocco,MAR,Midfielder
485740,Neil EL AYNAOUI,43872,Morocco,MAR,Midfielder
485767,Redouane HALHAL,43872,Morocco,MAR,Defender
424071,Anass SALAH EDDINE,43872,Morocco,MAR,Defender
424081,Bart Verbruggen,43960,Netherlands,NED,Goalkeeper
483553,Lutsharel GEERTRUIDA,43960,Netherlands,NED,Defender
402044,Marten DE ROON,43960,Netherlands,NED,Midfielder
397786,Virgil VAN DIJK,43960,Netherlands,NED,Defender
336088,Nathan AKE,43960,Netherlands,NED,Defender
489517,Jan Paul VAN HECKE,43960,Netherlands,NED,Defender
478364,Justin KLUIVERT,43960,Netherlands,NED,Midfielder
430176,Ryan GRAVENBERCH,43960,Netherlands,NED,Midfielder
448159,Wout WEGHORST,43960,Netherlands,NED,Forward
336098,Memphis DEPAY,43960,Netherlands,NED,Forward
448152,Cody GAKPO,43960,Netherlands,NED,Forward
483481,Mats WIEFFER,43960,Netherlands,NED,Defender
506028,Robin ROEFS,43960,Netherlands,NED,Goalkeeper
483526,Tijjani REIJNDERS,43960,Netherlands,NED,Midfielder
448140,Micky VAN DE VEN,43960,Netherlands,NED,Defender
448157,Guus TIL,43960,Netherlands,NED,Midfielder
448153,Noa LANG,43960,Netherlands,NED,Forward
433066,Donyell Malen,43960,Netherlands,NED,Forward
424051,Brian BROBBEY,43960,Netherlands,NED,Forward
448149,Teun KOOPMEINERS,43960,Netherlands,NED,Midfielder
422657,Frenkie DE JONG,43960,Netherlands,NED,Midfielder
436612,Denzel DUMFRIES,43960,Netherlands,NED,Defender
448151,Mark FLEKKEN,43960,Netherlands,NED,Goalkeeper
489518,Crysencio SUMMERVILLE,43960,Netherlands,NED,Forward
483512,Jorrel HATO,43960,Netherlands,NED,Defender
484859,Quinten TIMBER,43960,Netherlands,NED,Midfielder
368535,Max CROCOMBE,43978,New Zealand,NZL,Goalkeeper
331463,Tim PAYNE,43978,New Zealand,NZL,Defender
440748,Francis DE VRIES,43978,New Zealand,NZL,Defender
482775,Tyler BINDON,43978,New Zealand,NZL,Defender
261367,Michael BOXALL,43978,New Zealand,NZL,Defender
390181,Joe BELL,43978,New Zealand,NZL,Midfielder
390205,Logan ROGERSON,43978,New Zealand,NZL,Forward
423595,Marko STAMENIC,43978,New Zealand,NZL,Midfielder
274078,Chris WOOD,43978,New Zealand,NZL,Forward
390209,Sarpreet SINGH,43978,New Zealand,NZL,Midfielder
405454,Elijah JUST,43978,New Zealand,NZL,Midfielder
423574,Alex PAULSEN,43978,New Zealand,NZL,Goalkeeper
405469,Liberato CACACE,43978,New Zealand,NZL,Defender
371142,Alex RUFER,43978,New Zealand,NZL,Midfielder
419572,Nando PIJNAKER,43978,New Zealand,NZL,Defender
463580,Finn SURMAN,43978,New Zealand,NZL,Defender
269592,Kosta BARBAROUSES,43978,New Zealand,NZL,Forward
419577,Ben WAINE,43978,New Zealand,NZL,Forward
423575,Ben OLD,43978,New Zealand,NZL,Midfielder
390196,Callum McCOWATT,43978,New Zealand,NZL,Midfielder
416652,Jesse RANDALL,43978,New Zealand,NZL,Forward
390218,Michael WOUD,43978,New Zealand,NZL,Goalkeeper
336641,Ryan THOMAS,43978,New Zealand,NZL,Midfielder
419567,Callan ELLIOT,43978,New Zealand,NZL,Defender
484817,Lachlan BAYLISS,43978,New Zealand,NZL,Midfielder
274102,Tommy SMITH,43978,New Zealand,NZL,Defender
373235,Orjan NYLAND,43961,Norway,NOR,Goalkeeper
433067,Morten Thorsby,43961,Norway,NOR,Midfielder
483516,Kristoffer AJER,43961,Norway,NOR,Defender
419672,Leo OSTIGARD,43961,Norway,NOR,Defender
483505,David MOLLER WOLFE,43961,Norway,NOR,Defender
483442,Patrick BERG,43961,Norway,NOR,Midfielder
398588,Alexander SORLOTH,43961,Norway,NOR,Forward
404645,Sander BERGE,43961,Norway,NOR,Midfielder
419652,Erling HAALAND,43961,Norway,NOR,Forward
400716,Martin ODEGAARD,43961,Norway,NOR,Midfielder
419662,Jorgen STRAND LARSEN,43961,Norway,NOR,Forward
514479,Sander TANGVIK,43961,Norway,NOR,Goalkeeper
483535,Egil SELVIK,43961,Norway,NOR,Goalkeeper
483497,Fredrik AURSNES,43961,Norway,NOR,Midfielder
483530,Fredrik Andre BJORKAN,43961,Norway,NOR,Defender
494625,Marcus HOLMGREN PEDERSEN,43961,Norway,NOR,Defender
491244,Torbjorn HEGGEM,43961,Norway,NOR,Defender
419681,Kristian Thorstvedt,43961,Norway,NOR,Midfielder
494627,Thelo AASGAARD,43961,Norway,NOR,Midfielder
483448,Antonio NUSA,43961,Norway,NOR,Forward
494626,Andreas SCHJELDERUP,43961,Norway,NOR,Midfielder
477470,Oscar BOBB,43961,Norway,NOR,Midfielder
419654,Jens Petter HAUGE,43961,Norway,NOR,Midfielder
489696,Sondre LANGAS,43961,Norway,NOR,Defender
520112,Henrik FALCHENER,43961,Norway,NOR,Defender
483496,Julian RYERSON,43961,Norway,NOR,Forward
267702,Luis MEJIA,43914,Panama,PAN,Goalkeeper
441242,Cesar BLACKMAN,43914,Panama,PAN,Defender
418715,Jose CORDOBA,43914,Panama,PAN,Defender
385030,Fidel ESCOBAR,43914,Panama,PAN,Defender
480313,Edgardo FARINA,43914,Panama,PAN,Defender
395581,Cristian MARTINEZ,43914,Panama,PAN,Midfielder
411176,Jose Luis RODRIGUEZ,43914,Panama,PAN,Midfielder
385833,Adalberto CARRASQUILLA,43914,Panama,PAN,Midfielder
418747,Tomas RODRIGUEZ,43914,Panama,PAN,Forward
372342,Ismael DIAZ,43914,Panama,PAN,Midfielder
400416,Edgar Yoel BARCENAS,43914,Panama,PAN,Midfielder
441402,Cesar SAMUDIO,43914,Panama,PAN,Goalkeeper
480310,Jiovany RAMOS,43914,Panama,PAN,Defender
418729,Carlos HARVEY,43914,Panama,PAN,Defender
337232,Eric DAVIS,43914,Panama,PAN,Defender
441240,Andres ANDRADE,43914,Panama,PAN,Defender
411174,Jose FAJARDO,43914,Panama,PAN,Forward
337251,Cecilio Waterman,43914,Panama,PAN,Forward
271116,Alberto QUINTERO,43914,Panama,PAN,Midfielder
269514,Anibal GODOY,43914,Panama,PAN,Midfielder
441243,Cesar YANIS,43914,Panama,PAN,Midfielder
441241,Orlando MOSQUERA,43914,Panama,PAN,Goalkeeper
385031,Amir MURILLO,43914,Panama,PAN,Defender
466669,Azarias LONDONO,43914,Panama,PAN,Forward
344582,Roderick MILLER,43914,Panama,PAN,Defender
441239,Jorge GUTIERREZ,43914,Panama,PAN,Defender
318647,Gatito FERNANDEZ,43928,Paraguay,PAR,Goalkeeper
486875,Gustavo VELAZQUEZ,43928,Paraguay,PAR,Defender
431202,Omar ALDERETE,43928,Paraguay,PAR,Defender
479601,Juan Jose CACERES,43928,Paraguay,PAR,Defender
394829,Fabian BALBUENA,43928,Paraguay,PAR,Defender
369749,Junior ALONSO,43928,Paraguay,PAR,Defender
463125,Ramon SOSA,43928,Paraguay,PAR,Midfielder
463128,Diego GOMEZ,43928,Paraguay,PAR,Midfielder
369768,Antonio SANABRIA,43928,Paraguay,PAR,Forward
369761,Miguel ALMIRON,43928,Paraguay,PAR,Midfielder
495046,MAURICIO,43928,Paraguay,PAR,Midfielder
494531,Orlando GILL,43928,Paraguay,PAR,Goalkeeper
520066,Jose CANALE,43928,Paraguay,PAR,Defender
385306,Andres CUBAS,43928,Paraguay,PAR,Midfielder
369744,Gustavo GOMEZ,43928,Paraguay,PAR,Defender
476348,Damian BOBADILLA,43928,Paraguay,PAR,Midfielder
386458,Alejandro ROMERO GAMARRA,43928,Paraguay,PAR,Forward
485802,Alex ARCE,43928,Paraguay,PAR,Forward
441234,Julio ENCISO,43928,Paraguay,PAR,Forward
406205,Braian OJEDA,43928,Paraguay,PAR,Midfielder
463127,Gabriel AVALOS,43928,Paraguay,PAR,Forward
447991,Gaston OLVEIRA,43928,Paraguay,PAR,Goalkeeper
424422,Matias GALARZA,43928,Paraguay,PAR,Midfielder
485804,Gustavo CABALLERO,43928,Paraguay,PAR,Midfielder
489417,Isidro PITTA,43928,Paraguay,PAR,Forward
505495,Alexandro MAIDANA,43928,Paraguay,PAR,Defender
403001,DIOGO COSTA,43963,Portugal,POR,Goalkeeper
395212,NELSON SEMEDO,43963,Portugal,POR,Defender
384752,RUBEN DIAS,43963,Portugal,POR,Defender
492358,TOMAS ARAUJO,43963,Portugal,POR,Defender
403002,DIOGO DALOT,43963,Portugal,POR,Defender
441148,MATHEUS NUNES,43963,Portugal,POR,Midfielder
201200,CRISTIANO RONALDO,43963,Portugal,POR,Forward
395206,BRUNO FERNANDES,43963,Portugal,POR,Midfielder
448081,GONCALO RAMOS,43963,Portugal,POR,Forward
395205,BERNARDO SILVA,43963,Portugal,POR,Midfielder
418535,JOAO FELIX,43963,Portugal,POR,Forward
368689,JOSE SA,43963,Portugal,POR,Goalkeeper
489704,RENATO VEIGA,43963,Portugal,POR,Defender
441146,GONCALO INACIO,43963,Portugal,POR,Defender
484141,JOAO NEVES,43963,Portugal,POR,Midfielder
418561,FRANCISCO TRINCAO,43963,Portugal,POR,Forward
418550,RAFAEL LEAO,43963,Portugal,POR,Forward
418548,PEDRO NETO,43963,Portugal,POR,Forward
384751,GONCALO GUEDES,43963,Portugal,POR,Forward
368649,JOAO CANCELO,43963,Portugal,POR,Defender
395216,RUBEN NEVES,43963,Portugal,POR,Midfielder
448092,RUI SILVA,43963,Portugal,POR,Goalkeeper
441149,VITINHA,43963,Portugal,POR,Midfielder
491216,SAMU COSTA,43963,Portugal,POR,Defender
433195,NUNO MENDES,43963,Portugal,POR,Defender
485081,FRANCISCO CONCEICAO,43963,Portugal,POR,Forward
419459,MAHMOUD ABUNADA,43834,Qatar,QAT,Goalkeeper
416051,PEDRO MIGUEL,43834,Qatar,QAT,Defender
356673,LUCAS MENDES,43834,Qatar,QAT,Defender
512791,ISSA LAYE,43834,Qatar,QAT,Defender
419473,JASSEM GABER,43834,Qatar,QAT,Defender
345059,ABDULAZIZ HATEM,43834,Qatar,QAT,Midfielder
353251,AHMED ALAAELDIN,43834,Qatar,QAT,Forward
429063,EDMILSON JUNIOR,43834,Qatar,QAT,Forward
385070,MOHAMMED MUNTARI,43834,Qatar,QAT,Forward
284190,HASSAN ALHAYDOS,43834,Qatar,QAT,Forward
386347,AKRAM AFIF,43834,Qatar,QAT,Forward
354861,KARIM BOUDIAF,43834,Qatar,QAT,Midfielder
510991,AYOUB ALOUI,43834,Qatar,QAT,Defender
419441,HOMAM AHMED,43834,Qatar,QAT,Defender
419463,YUSUF ABDURISAG,43834,Qatar,QAT,Forward
385067,BOUALEM KHOUKHI,43834,Qatar,QAT,Defender
419436,AHMED ALGANEHI,43834,Qatar,QAT,Midfielder
386387,SULTAN ALBRAKE,43834,Qatar,QAT,Defender
386366,ALMOEZ ALI,43834,Qatar,QAT,Forward
433394,AHMED FATHY,43834,Qatar,QAT,Midfielder
419461,SALAH ZAKARIA,43834,Qatar,QAT,Goalkeeper
416056,MESHAAL BARSHAM,43834,Qatar,QAT,Goalkeeper
386348,ASSIM MADIBO,43834,Qatar,QAT,Midfielder
486639,TAHSIN MOHAMMED,43834,Qatar,QAT,Forward
486614,ALHASHMI ALHUSSEIN,43834,Qatar,QAT,Defender
498458,MOHAMED MANAI,43834,Qatar,QAT,Forward
419287,NAWAF ALAQIDI,43835,Saudi Arabia,KSA,Goalkeeper
419326,ALI MAJRASHI,43835,Saudi Arabia,KSA,Defender
433439,ALI LAJAMI,43835,Saudi Arabia,KSA,Defender
403312,Abdulelah ALAMRI,43835,Saudi Arabia,KSA,Defender
403335,HASSAN ALTAMBAKTI,43835,Saudi Arabia,KSA,Defender
403319,NASSER ALDAWSARI,43835,Saudi Arabia,KSA,Midfielder
436537,MUSAB ALJUWAYR,43835,Saudi Arabia,KSA,Midfielder
430512,AIMAN YAHYA,43835,Saudi Arabia,KSA,Forward
419291,FERAS ALBRIKAN,43835,Saudi Arabia,KSA,Forward
339745,SALEM ALDAWSARI,43835,Saudi Arabia,KSA,Forward
425804,SALEH ALSHEHRI,43835,Saudi Arabia,KSA,Forward
419281,SAUD ABDULHAMID,43835,Saudi Arabia,KSA,Defender
430518,NAWAF BU WASHL,43835,Saudi Arabia,KSA,Defender
401924,HASSAN KADISH,43835,Saudi Arabia,KSA,Defender
411624,ABDULLAH ALKHAIBARI,43835,Saudi Arabia,KSA,Midfielder
436538,ZIYAD ALJOHANI,43835,Saudi Arabia,KSA,Midfielder
419300,KHALID ALGHANNAM,43835,Saudi Arabia,KSA,Forward
523333,ALA ALHAJJI,43835,Saudi Arabia,KSA,Midfielder
419302,ABDULLAH ALHAMDDAN,43835,Saudi Arabia,KSA,Forward
494800,SULTAN MANDASH,43835,Saudi Arabia,KSA,Forward
396885,MOHAMMED ALOWAIS,43835,Saudi Arabia,KSA,Goalkeeper
339746,AHMED ALKASSAR,43835,Saudi Arabia,KSA,Goalkeeper
407993,MOHAMED KANNO,43835,Saudi Arabia,KSA,Midfielder
419303,MOTEB ALHARBI,43835,Saudi Arabia,KSA,Defender
494506,JEHAD THIKRI,43835,Saudi Arabia,KSA,Defender
512183,MOHAMMED ABU ALSHAMAT,43835,Saudi Arabia,KSA,Defender
411301,Angus Gunn,43967,Scotland,SCO,Goalkeeper
442428,Aaron HICKEY,43967,Scotland,SCO,Defender
401339,Andy ROBERTSON,43967,Scotland,SCO,Defender
433787,Scott McTominay,43967,Scotland,SCO,Midfielder
359634,Grant Hanley,43967,Scotland,SCO,Defender
401712,Kieran Tierney,43967,Scotland,SCO,Defender
401334,John McGinn,43967,Scotland,SCO,Midfielder
523007,Tyler FLETCHER,43967,Scotland,SCO,Midfielder
430098,Lyndon DYKES,43967,Scotland,SCO,Forward
433191,Che Adams,43967,Scotland,SCO,Forward
430097,Ryan Christie,43967,Scotland,SCO,Midfielder
442429,Liam KELLY,43967,Scotland,SCO,Goalkeeper
430147,Jack Hendry,43967,Scotland,SCO,Defender
442433,Ross STEWART,43967,Scotland,SCO,Forward
442430,John SOUTTAR,43967,Scotland,SCO,Defender
484073,Dominic HYAM,43967,Scotland,SCO,Defender
485131,Ben GANNON-DOAK,43967,Scotland,SCO,Forward
495431,George HIRST,43967,Scotland,SCO,Forward
442434,Lewis FERGUSON,43967,Scotland,SCO,Midfielder
484045,Lawrence SHANKLAND,43967,Scotland,SCO,Forward
215553,Craig GORDON,43967,Scotland,SCO,Goalkeeper
433694,Nathan PATTERSON,43967,Scotland,SCO,Defender
484051,Kenny McLEAN,43967,Scotland,SCO,Midfielder
337389,Anthony RALSTON,43967,Scotland,SCO,Defender
520217,Findlay CURTIS,43967,Scotland,SCO,Forward
442431,Scott MCKENNA,43967,Scotland,SCO,Defender
494277,Yehvann DIOUF,43879,Senegal,SEN,Goalkeeper
499800,Mamadou SARR,43879,Senegal,SEN,Defender
339820,Kalidou KOULIBALY,43879,Senegal,SEN,Defender
370171,Abdoulaye Seck,43879,Senegal,SEN,Defender
332314,Idrissa Gana GUEYE,43879,Senegal,SEN,Midfielder
448825,Pathe CISS,43879,Senegal,SEN,Midfielder
484698,Assane DIAO,43879,Senegal,SEN,Forward
464842,Lamine CAMARA,43879,Senegal,SEN,Midfielder
418781,Bamba DIENG,43879,Senegal,SEN,Forward
353790,Sadio MANE,43879,Senegal,SEN,Forward
418795,Nicolas JACKSON,43879,Senegal,SEN,Forward
486168,Cherif NDIAYE,43879,Senegal,SEN,Forward
448815,Iliman NDIAYE,43879,Senegal,SEN,Forward
430671,Ismail JAKOBS,43879,Senegal,SEN,Defender
403642,Krepin DIATTA,43879,Senegal,SEN,Defender
433806,Edouard MENDY,43879,Senegal,SEN,Goalkeeper
418798,Pape Matar SARR,43879,Senegal,SEN,Midfielder
401889,Ismaila SARR,43879,Senegal,SEN,Forward
430690,Moussa Niakhate,43879,Senegal,SEN,Defender
496358,Ibrahim MBAYE,43879,Senegal,SEN,Forward
486130,Habib DIARRA,43879,Senegal,SEN,Midfielder
523354,Bara Sapoko NDIAYE,43879,Senegal,SEN,Midfielder
448821,Mory DIAW,43879,Senegal,SEN,Goalkeeper
494279,Antoine MENDY,43879,Senegal,SEN,Defender
464865,El Hadji Malick DIOUF,43879,Senegal,SEN,Defender
431788,Pape GUEYE,43879,Senegal,SEN,Midfielder
395986,Ronwen WILLIAMS,43883,South Africa,RSA,Goalkeeper
510850,Thabang MATULUDI,43883,South Africa,RSA,Defender
504192,Khulumani NDAMANE,43883,South Africa,RSA,Defender
403616,Teboho MOKOENA,43883,South Africa,RSA,Midfielder
494248,Thalente MBATHA,43883,South Africa,RSA,Midfielder
395050,Aubrey MODIBA,43883,South Africa,RSA,Defender
419223,Oswin APPOLLIS,43883,South Africa,RSA,Forward
504193,Tshepang MOREMI,43883,South Africa,RSA,Forward
419211,Lyle FOSTER,43883,South Africa,RSA,Forward
486161,Relebohile MOFOKENG,43883,South Africa,RSA,Forward
395984,Themba ZWANE,43883,South Africa,RSA,Midfielder
463234,Thapelo MASEKO,43883,South Africa,RSA,Forward
390475,Sphephelo SITHOLE,43883,South Africa,RSA,Midfielder
504199,Mbekezeli MBOKAZI,43883,South Africa,RSA,Defender
481242,Iqraam RAYNERS,43883,South Africa,RSA,Forward
494246,Sipho CHAINE,43883,South Africa,RSA,Goalkeeper
430917,Evidence MAKGOPA,43883,South Africa,RSA,Forward
504200,Samukele KABINI,43883,South Africa,RSA,Defender
463221,Nkosinathi SIBISI,43883,South Africa,RSA,Defender
463218,Khuliso MUDAU,43883,South Africa,RSA,Defender
506039,Ime OKON,43883,South Africa,RSA,Defender
395059,Ricardo GOSS,43883,South Africa,RSA,Goalkeeper
463236,Jayden ADAMS,43883,South Africa,RSA,Midfielder
502245,Olwethu MAKHANYA,43883,South Africa,RSA,Defender
506038,Kamogelo SEBELEBELE,43883,South Africa,RSA,Forward
419225,Bradley Cross,43883,South Africa,RSA,Defender
447853,David RAYA,43969,Spain,ESP,Goalkeeper
484728,Marc PUBILL,43969,Spain,ESP,Defender
391297,Alex GRIMALDO,43969,Spain,ESP,Defender
405562,Eric GARCIA,43969,Spain,ESP,Defender
382739,Marcos LLORENTE,43969,Spain,ESP,Defender
430733,Mikel MERINO,43969,Spain,ESP,Midfielder
405545,Ferran TORRES,43969,Spain,ESP,Forward
430718,Fabian RUIZ,43969,Spain,ESP,Midfielder
447866,GAVI,43969,Spain,ESP,Midfielder
430750,Dani OLMO,43969,Spain,ESP,Forward
423658,Yeremy PINO,43969,Spain,ESP,Forward
430144,Pedro PORRO,43969,Spain,ESP,Defender
484691,Joan GARCIA,43969,Spain,ESP,Goalkeeper
335999,Aymeric LAPORTE,43969,Spain,ESP,Defender
447860,Alex BAENA,43969,Spain,ESP,Midfielder
411375,RODRI,43969,Spain,ESP,Midfielder
447855,Nico WILLIAMS,43969,Spain,ESP,Forward
430754,Martin ZUBIMENDI,43969,Spain,ESP,Midfielder
484320,Lamine YAMAL,43969,Spain,ESP,Forward
423646,PEDRI,43969,Spain,ESP,Midfielder
430751,Mikel OYARZABAL,43969,Spain,ESP,Forward
474973,Pau CUBARSI,43969,Spain,ESP,Defender
430753,Unai SIMON,43969,Spain,ESP,Goalkeeper
430735,Marc CUCURELLA,43969,Spain,ESP,Defender
492859,Victor MUNOZ,43969,Spain,ESP,Forward
447864,Borja IGLESIAS,43969,Spain,ESP,Forward
489685,Jacob WIDELL ZETTERSTROM,43970,Sweden,SWE,Goalkeeper
483304,Gustaf LAGERBIELKE,43970,Sweden,SWE,Defender
395283,Victor LINDELOF,43970,Sweden,SWE,Defender
483312,Isak HIEN,43970,Sweden,SWE,Defender
483276,Gabriel GUDMUNDSSON,43970,Sweden,SWE,Defender
514639,Herman JOHANSSON,43970,Sweden,SWE,Defender
489689,Lucas BERGVALL,43970,Sweden,SWE,Midfielder
491255,Daniel SVENSSON,43970,Sweden,SWE,Defender
430150,Alexander Isak,43970,Sweden,SWE,Forward
502946,Benjamin NYGREN,43970,Sweden,SWE,Midfielder
441137,Anthony ELANGA,43970,Sweden,SWE,Forward
483264,Viktor JOHANSSON,43970,Sweden,SWE,Goalkeeper
395286,Ken SEMA,43970,Sweden,SWE,Midfielder
483319,Hjalmar EKDAL,43970,Sweden,SWE,Defender
441132,Carl STARFELT,43970,Sweden,SWE,Defender
441135,Jesper KARLSTROM,43970,Sweden,SWE,Midfielder
483327,Viktor GYOKERES,43970,Sweden,SWE,Forward
489688,Yasin AYARI,43970,Sweden,SWE,Midfielder
433795,Mattias SVANBERG,43970,Sweden,SWE,Midfielder
493061,Eric SMITH,43970,Sweden,SWE,Defender
502945,Alexander BERNHARDSSON,43970,Sweden,SWE,Defender
503047,Besfort ZENELI,43970,Sweden,SWE,Midfielder
360496,Kristoffer NORDFELDT,43970,Sweden,SWE,Goalkeeper
519958,Elliot STROUD,43970,Sweden,SWE,Defender
489691,Gustaf NILSSON,43970,Sweden,SWE,Forward
514202,Taha ALI,43970,Sweden,SWE,Forward
448107,Gregor KOBEL,43971,Switzerland,SUI,Goalkeeper
493221,Miro MUHEIM,43971,Switzerland,SUI,Defender
356412,Silvan WIDMER,43971,Switzerland,SUI,Defender
398509,Nico ELVEDI,43971,Switzerland,SUI,Defender
405178,Manuel AKANJI,43971,Switzerland,SUI,Defender
401448,Denis ZAKARIA,43971,Switzerland,SUI,Midfielder
393480,Breel EMBOLO,43971,Switzerland,SUI,Forward
402021,Remo FREULER,43971,Switzerland,SUI,Midfielder
502727,Johan MANZAMBI,43971,Switzerland,SUI,Midfielder
311558,Granit XHAKA,43971,Switzerland,SUI,Midfielder
448114,Dan NDOYE,43971,Switzerland,SUI,Forward
402022,Yvon MVOGO,43971,Switzerland,SUI,Goalkeeper
313559,Ricardo RODRIGUEZ,43971,Switzerland,SUI,Defender
448120,Ardon JASHARI,43971,Switzerland,SUI,Midfielder
411226,Djibril SOW,43971,Switzerland,SUI,Midfielder
448124,Christian FASSNACHT,43971,Switzerland,SUI,Forward
448131,Ruben VARGAS,43971,Switzerland,SUI,Forward
448136,Eray COEMERT,43971,Switzerland,SUI,Defender
448127,Noah OKAFOR,43971,Switzerland,SUI,Forward
433147,Michel AEBISCHER,43971,Switzerland,SUI,Midfielder
484862,Marvin KELLER,43971,Switzerland,SUI,Goalkeeper
448103,Fabian RIEDER,43971,Switzerland,SUI,Midfielder
448112,Zeki AMDOUNI,43971,Switzerland,SUI,Forward
484864,Aurele AMENDA,43971,Switzerland,SUI,Defender
510908,Luca JAQUEZ,43971,Switzerland,SUI,Defender
448104,Cedric ITTEN,43971,Switzerland,SUI,Forward
520245,Mouhib CHAMAKH,43888,Tunisia,TUN,Goalkeeper
433362,Ali ABDI,43888,Tunisia,TUN,Defender
433380,Montassar TALBI,43888,Tunisia,TUN,Defender
433367,Omar Rekik,43888,Tunisia,TUN,Defender
516043,Adam AROUS,43888,Tunisia,TUN,Defender
411653,Dylan BRONN,43888,Tunisia,TUN,Defender
448662,Elias ACHOURI,43888,Tunisia,TUN,Forward
482885,Elias SAAD,43888,Tunisia,TUN,Forward
494374,Hazem MASTOURI,43888,Tunisia,TUN,Forward
433378,Hannibal MEJBRI,43888,Tunisia,TUN,Midfielder
464484,Ismael GHARBI,43888,Tunisia,TUN,Midfielder
441362,Mortadha BEN OUANES,43888,Tunisia,TUN,Defender
336459,Rani Khedira,43888,Tunisia,TUN,Midfielder
512039,Khalil AYARI,43888,Tunisia,TUN,Midfielder
479781,Mohamed HADJ MAHMOUD,43888,Tunisia,TUN,Midfielder
433365,Aymen DAHMEN,43888,Tunisia,TUN,Goalkeeper
411658,Ellyes SKHIRI,43888,Tunisia,TUN,Midfielder
520247,Rayan ELLOUMI,43888,Tunisia,TUN,Forward
494375,Firas CHAOUAT,43888,Tunisia,TUN,Forward
419189,Yan Valery,43888,Tunisia,TUN,Defender
425607,Mohamed Amine BEN HMIDA,43888,Tunisia,TUN,Defender
372294,Sabri BEN HESSEN,43888,Tunisia,TUN,Goalkeeper
506335,Moutaz NEFFATI,43888,Tunisia,TUN,Defender
520246,Raed CHIKHAOUI,43888,Tunisia,TUN,Defender
433361,Anis SLIMANE,43888,Tunisia,TUN,Midfielder
504502,Sebastian TOUNEKTI,43888,Tunisia,TUN,Midfielder
360498,Mert GUNOK,43972,Türkiye,TUR,Goalkeeper
433072,Zeki CELIK,43972,Türkiye,TUR,Defender
441179,Merih DEMIRAL,43972,Türkiye,TUR,Defender
401167,Caglar SOYUNCU,43972,Türkiye,TUR,Defender
389907,Salih OZCAN,43972,Türkiye,TUR,Midfielder
433118,Orkun KOKCU,43972,Türkiye,TUR,Midfielder
441188,Kerem AKTURKOGLU,43972,Türkiye,TUR,Forward
484087,Arda GULER,43972,Türkiye,TUR,Forward
495347,Deniz GUL,43972,Türkiye,TUR,Forward
369304,Hakan CALHANOGLU,43972,Türkiye,TUR,Midfielder
484112,Kenan YILDIZ,43972,Türkiye,TUR,Forward
441180,Altay BAYINDIR,43972,Türkiye,TUR,Goalkeeper
484065,Eren ELMALI,43972,Türkiye,TUR,Defender
484082,Abdulkerim BARDAKCI,43972,Türkiye,TUR,Defender
406249,Ozan KABAK,43972,Türkiye,TUR,Defender
484092,Ismail YUKSEK,43972,Türkiye,TUR,Midfielder
472877,Irfan Can KAHVECI,43972,Türkiye,TUR,Forward
430120,Mert MULDUR,43972,Türkiye,TUR,Defender
406231,Yunus AKGUN,43972,Türkiye,TUR,Forward
484113,Ferdi KADIOGLU,43972,Türkiye,TUR,Defender
484139,Baris Alper YILMAZ,43972,Türkiye,TUR,Forward
336170,Kaan Ayhan,43972,Türkiye,TUR,Midfielder
441181,Ugurcan CAKIR,43972,Türkiye,TUR,Goalkeeper
486076,Oguz AYDIN,43972,Türkiye,TUR,Forward
484072,Samet AKAYDIN,43972,Türkiye,TUR,Defender
486074,Can UZUN,43972,Türkiye,TUR,Forward
368664,Sergio ROCHET,43930,Uruguay,URU,Goalkeeper
368655,Jose Maria GIMENEZ,43930,Uruguay,URU,Defender
419108,Sebastian CACERES,43930,Uruguay,URU,Defender
419101,Ronald ARAUJO,43930,Uruguay,URU,Defender
441623,Manuel UGARTE,43930,Uruguay,URU,Midfielder
386538,Rodrigo BENTANCUR,43930,Uruguay,URU,Midfielder
402898,Nicolas DE LA CRUZ,43930,Uruguay,URU,Midfielder
402884,Federico VALVERDE,43930,Uruguay,URU,Midfielder
419126,Darwin NUNEZ,43930,Uruguay,URU,Forward
368652,Giorgian DE ARRASCAETA,43930,Uruguay,URU,Midfielder
439956,Facundo PELLISTRI,43930,Uruguay,URU,Forward
402897,Santiago MELE,43930,Uruguay,URU,Goalkeeper
368660,Guillermo VARELA,43930,Uruguay,URU,Defender
402876,Agustin CANOBBIO,43930,Uruguay,URU,Midfielder
473062,Emiliano MARTINEZ,43930,Uruguay,URU,Midfielder
402893,Mathias OLIVERA,43930,Uruguay,URU,Defender
402895,Matias VINA,43930,Uruguay,URU,Defender
419132,Brian RODRIGUEZ,43930,Uruguay,URU,Forward
332897,Rodrigo AGUIRRE,43930,Uruguay,URU,Forward
419100,Maxi ARAUJO,43930,Uruguay,URU,Midfielder
477536,Federico VINAS,43930,Uruguay,URU,Forward
439538,Joaquin PIQUEREZ,43930,Uruguay,URU,Midfielder
229498,Fernando MUSLERA,43930,Uruguay,URU,Goalkeeper
402904,Santiago BUENO,43930,Uruguay,URU,Defender
419134,Juan Manuel SANABRIA,43930,Uruguay,URU,Midfielder
419142,Rodrigo ZALAZAR,43930,Uruguay,URU,Midfielder
448217,Matt TURNER,43921,USA,USA,Goalkeeper
406280,Sergino DEST,43921,USA,USA,Defender
419062,Chris RICHARDS,43921,USA,USA,Defender
390238,Tyler ADAMS,43921,USA,USA,Midfielder
441251,Antonee ROBINSON,43921,USA,USA,Defender
390272,Auston TRUSTY,43921,USA,USA,Defender
419068,Giovanni REYNA,43921,USA,USA,Midfielder
390259,Weston McKENNIE,43921,USA,USA,Midfielder
419082,Ricardo PEPI,43921,USA,USA,Forward
390267,Christian PULISIC,43921,USA,USA,Forward
419055,Brenden AARONSON,43921,USA,USA,Forward
436599,Miles ROBINSON,43921,USA,USA,Defender
339510,Tim REAM,43921,USA,USA,Defender
499912,Sebastian BERHALTER,43921,USA,USA,Midfielder
385994,Cristian ROLDAN,43921,USA,USA,Midfielder
464542,Alex FREEMAN,43921,USA,USA,Defender
448214,Malik TILLMAN,43921,USA,USA,Midfielder
486390,Max ARFSTEN,43921,USA,USA,Defender
390276,Haji WRIGHT,43921,USA,USA,Forward
466624,Folarin BALOGUN,43921,USA,USA,Forward
406304,Timothy WEAH,43921,USA,USA,Forward
419077,Mark McKENZIE,43921,USA,USA,Defender
423700,Joe SCALLY,43921,USA,USA,Defender
499913,Matt FREESE,43921,USA,USA,Goalkeeper
464546,Chris BRADY,43921,USA,USA,Goalkeeper
390278,Alex ZENDEJAS,43921,USA,USA,Forward
479077,Utkir YUSUPOV,44005,Uzbekistan,UZB,Goalkeeper
464924,Abdukodir KHUSANOV,44005,Uzbekistan,UZB,Defender
479079,Khojiakbar ALIJONOV,44005,Uzbekistan,UZB,Defender
385139,Farrukh SAYFIEV,44005,Uzbekistan,UZB,Defender
371415,Rustam ASHURMATOV,44005,Uzbekistan,UZB,Defender
479106,Akmal MOZGOVOY,44005,Uzbekistan,UZB,Midfielder
371348,Otabek Shukurov,44005,Uzbekistan,UZB,Midfielder
368545,Jamshid ISKANDEROV,44005,Uzbekistan,UZB,Midfielder
371345,Odiljon XAMROBEKOV,44005,Uzbekistan,UZB,Midfielder
484303,Ruslanbek JIYANOV,44005,Uzbekistan,UZB,Midfielder
479080,Oston URUNOV,44005,Uzbekistan,UZB,Midfielder
479110,Abduvohid NEMATOV,44005,Uzbekistan,UZB,Goalkeeper
479075,Sherzod NASRULLAEV,44005,Uzbekistan,UZB,Defender
385475,Eldor SHOMURODOV,44005,Uzbekistan,UZB,Forward
479084,Umar ESHMURODOV,44005,Uzbekistan,UZB,Defender
385472,Botirali ERGASHEV,44005,Uzbekistan,UZB,Goalkeeper
371393,Dostonbek Khamdamov,44005,Uzbekistan,UZB,Midfielder
479042,Abdulla ABDULLAEV,44005,Uzbekistan,UZB,Defender
479086,Azizjon GANIEV,44005,Uzbekistan,UZB,Midfielder
481220,Azizbek AMONOV,44005,Uzbekistan,UZB,Forward
368546,Igor Sergeev,44005,Uzbekistan,UZB,Forward
464933,Abbosbek FAYZULLAEV,44005,Uzbekistan,UZB,Midfielder
464897,Sherzod ESANOV,44005,Uzbekistan,UZB,Midfielder
475260,Behruzjon KARIMOV,44005,Uzbekistan,UZB,Defender
518264,Avazbek ULMASALIYEV,44005,Uzbekistan,UZB,Defender
464906,Jakhongir UROZOV,44005,Uzbekistan,UZB,Defender
