player_id,player_name,team_id,team,team_code,position_raw,assists,shots,attemptatgoalagainstontarget,attemptatgoalblocked,attemptatgoalfromballprogression,attemptatgoalfromcorner,attemptatgoalfromcross,attemptatgoalfromfreekick,attemptatgoalfromfreekicks,attemptatgoalfromother,attemptatgoalfrompass,attemptatgoalfrompenalty,attemptatgoalfromrebound,attemptatgoalinsidethepenaltyarea,attemptatgoalinsidethepenaltyareaontarget,attemptatgoalofftarget,shots_on_target,attemptatgoaloutsidethepenaltyarea,attemptatgoaloutsidethepenaltyareaontarget,attemptedballprogressions,attemptedswitchesofplay,avgspeed,completedballprogressions,completedswitchesofplay,corners,crosses,crossescompleted,defensivepressuresapplied,directdefensivepressuresapplied,directfreekicks,directredcards,distancehighspeedrunning,distancehighspeedsprinting,distancejogging,distancelowspeedsprinting,distancewalking,distributionscompletedunderpressure,distributionsunderpressure,forcedturnovers,foulsagainst,foulsfor,freekicks,gksaves,gksavesontarget,goalkeeperdefensiveactionsinsidepenaltyarea,goalkeeperdefensiveactionsoutsidepenaltyarea,goalkeepersavepercentage,goalkeepersaves,goalkeepersavesontarget,goalkicks,goals,goalsfromdirectfreekicks,goalsinsidethepenaltyarea,goalsoutsidethepenaltyarea,headedattemptatgoal,indirectfreekicks,indirectredcards,linebreaksattempted,linebreaksattemptedalllines,linebreaksattemptedattackingandmidfieldline,linebreaksattemptedattackingline,linebreaksattemptedattackinglinecompleted,linebreaksattemptedattackinglinecompletedonly,linebreaksattemptedattackinglineonly,linebreaksattemptedcompleted,linebreaksattempteddefensiveline,linebreaksattempteddefensivelinecompleted,linebreaksattempteddefensivelinecompletedonly,linebreaksattempteddefensivelineonly,linebreaksattemptedmidfieldanddefensiveline,linebreaksattemptedmidfieldline,linebreaksattemptedmidfieldlinecompleted,linebreaksattemptedmidfieldlinecompletedonly,linebreaksattemptedmidfieldlineonly,linebreaksattemptedunderpressure,linebreakscompletedalllines,linebreakscompletedattackingandmidfieldline,linebreakscompletedmidfieldanddefensiveline,linebreakscompletedunderpressure,matchesplayed,numberofinvolvements,numberofpossessionsequences,numberofshotendingsequences,offerstoreceiveinbehind,offerstoreceiveinbetween,offerstoreceiveinfront,offerstoreceiveinside,offerstoreceiveoutside,offerstoreceivetotal,offsides,owngoals,passes_attempted,passes_completed,penalties,penaltiesscored,receivedofferstoreceive,receptionsbetweenmidfieldanddefensiveline,receptionsinbehind,receptionsunderdirectpressure,receptionsunderindirectpressure,receptionsundernopressure,receptionsunderpressure,redcards,speedruns,sprints,substitutionsin,substitutionsout,takeonscompleted,threat,throwins,minutes,topspeed,totaldistance,xg,yellowcards,position,shot_on_target_rate
484045,Lawrence SHANKLAND,43967,Scotland,SCO,Forward,0.0,4.0,0.0,1.0,0.0,1.0,2.0,0.0,0.0,0.0,1.0,0.0,0.0,4.0,0.0,2.0,0.0,0.0,0.0,0.0,0.0,4.589297612508138,0.0,0.0,0.0,0.0,0.0,61.0,9.0,0.0,0.0,3047.9500732421875,234.90999603271484,9508.81982421875,927.3400268554688,7332.48095703125,14.0,29.0,4.0,5.0,3.0,0.0,0.0,0.0,0.0,0.0,0.0,0.0,0.0,0.0,0.0,0.0,0.0,0.0,2.0,0.0,0.0,5.0,0.0,0.0,0.0,0.0,0.0,0.0,0.0,2.0,0.0,0.0,2.0,0.0,3.0,0.0,0.0,3.0,3.0,0.0,0.0,0.0,0.0,2.0,83.0,45.0,8.0,46.0,45.0,6.0,80.0,17.0,97.0,1.0,0.0,34.0,20.0,0.0,0.0,20.0,29.0,1.0,11.0,19.0,14.0,30.0,0.0,258.0,70.0,0.0,2.0,0.0,4.619541645050049,0.0,183.83883333333335,29.226072311401367,21051.4990234375,0.35088251531124115,0.0,FW,0.0
430476,OMAR MARMOUSH,43855,Egypt,EGY,Forward,0.0,11.0,0.0,4.0,3.0,0.0,0.0,0.0,0.0,2.0,5.0,0.0,0.0,8.0,0.0,6.0,1.0,3.0,1.0,18.0,3.0,5.728166007995606,10.0,3.0,3.0,5.0,0.0,109.0,11.0,3.0,0.0,3728.349822998047,1051.2100067138672,13495.19970703125,1770.8399963378906,15430.7607421875,50.0,85.0,27.0,3.0,8.0,3.0,0.0,0.0,0.0,0.0,0.0,0.0,0.0,0.0,0.0,0.0,0.0,0.0,0.0,0.0,0.0,34.0,4.0,0.0,4.0,3.0,0.0,0.0,25.0,12.0,9.0,4.0,6.0,2.0,18.0,13.0,8.0,12.0,30.0,3.0,0.0,2.0,22.0,5.0,218.0,124.0,19.0,73.0,79.0,14.0,93.0,73.0,166.0,0.0,0.0,77.0,65.0,0.0,0.0,47.0,58.0,5.0,15.0,69.0,31.0,84.0,0.0,321.0,165.0,2.0,2.0,6.0,7.036629498004913,2.0,369.5523166666667,35.17372131347656,35476.360107421875,0.9069126546382904,0.0,FW,9.090909090909092
464133,Elye WAHI,43854,Côte d'Ivoire,CIV,Forward,0.0,3.0,0.0,0.0,0.0,0.0,1.0,0.0,0.0,0.0,2.0,0.0,0.0,3.0,2.0,1.0,2.0,0.0,0.0,0.0,0.0,4.509110927581787,0.0,0.0,0.0,1.0,0.0,60.0,3.0,0.0,0.0,1944.9400329589844,455.1699905395508,5261.3604736328125,758.0599975585938,4589.9700927734375,11.0,19.0,5.0,0.0,0.0,0.0,0.0,0.0,0.0,0.0,0.0,0.0,0.0,0.0,0.0,0.0,0.0,0.0,0.0,0.0,0.0,4.0,0.0,0.0,0.0,0.0,0.0,0.0,2.0,3.0,1.0,1.0,3.0,0.0,1.0,1.0,1.0,1.0,4.0,0.0,0.0,0.0,2.0,3.0,55.0,26.0,6.0,37.0,19.0,0.0,49.0,7.0,56.0,0.0,0.0,21.0,15.0,0.0,0.0,14.0,24.0,3.0,9.0,13.0,7.0,22.0,0.0,154.0,63.0,2.0,1.0,0.0,10.615766763687134,0.0,127.6534,33.17882537841797,13009.500244140625,0.479935260489583,0.0,FW,66.66666666666666
489732,Noni MADUEKE,43942,England,ENG,Forward,0.0,6.0,0.0,2.0,0.0,0.0,0.0,0.0,0.0,2.0,4.0,0.0,0.0,4.0,1.0,3.0,1.0,2.0,0.0,22.0,0.0,3.658501446247101,12.0,0.0,0.0,22.0,9.0,80.0,16.0,0.0,0.0,3925.279998779297,1159.229965209961,10296.809814453125,1718.7599792480469,13478.100463867188,60.0,97.0,9.0,2.0,3.0,0.0,0.0,0.0,0.0,0.0,0.0,0.0,0.0,0.0,0.0,0.0,0.0,0.0,0.0,0.0,0.0,40.0,3.0,1.0,5.0,2.0,0.0,1.0,28.0,14.0,11.0,8.0,10.0,1.0,21.0,15.0,12.0,16.0,24.0,2.0,0.0,1.0,16.0,5.0,277.0,132.0,18.0,80.0,75.0,20.0,38.0,137.0,175.0,1.0,0.0,94.0,82.0,0.0,0.0,52.0,68.0,17.0,7.0,33.0,106.0,40.0,0.0,335.0,147.0,1.0,4.0,10.0,4.199827134609222,4.0,315.5636666666667,34.30588912963867,30578.1796875,0.606085002887994,0.0,FW,16.666666666666664
229397,Lionel MESSI,43922,Argentina,ARG,Forward,4.0,35.0,0.0,5.0,3.0,0.0,1.0,12.0,10.0,3.0,15.0,2.0,1.0,16.0,10.0,11.0,19.0,19.0,9.0,61.0,5.0,4.533356249332428,40.0,4.0,38.0,46.0,18.0,194.0,23.0,30.0,0.0,5803.010070800781,490.8299939632416,14066.86962890625,2724.2799377441406,41334.38146972656,231.0,349.0,26.0,3.0,20.0,30.0,0.0,0.0,0.0,0.0,0.0,0.0,0.0,0.0,8.0,1.0,5.0,3.0,0.0,0.0,0.0,174.0,13.0,3.0,21.0,13.0,4.0,5.0,108.0,36.0,21.0,9.0,10.0,13.0,117.0,74.0,59.0,88.0,116.0,6.0,3.0,6.0,80.0,8.0,899.0,403.0,69.0,59.0,121.0,65.0,157.0,88.0,245.0,5.0,0.0,367.0,288.0,2.0,0.0,130.0,151.0,5.0,28.0,163.0,249.0,191.0,0.0,527.0,204.0,1.0,1.0,25.0,11.439310014247894,1.0,853.23305,30.765869140625,64419.37060546875,6.183634260669351,0.0,FW,54.285714285714285
418795,Nicolas JACKSON,43879,Senegal,SEN,Forward,1.0,7.0,0.0,2.0,0.0,0.0,2.0,1.0,0.0,0.0,4.0,0.0,0.0,6.0,2.0,2.0,3.0,1.0,1.0,4.0,0.0,6.11954140663147,2.0,0.0,0.0,1.0,0.0,106.0,13.0,0.0,0.0,3458.0601196289062,1051.3199844360352,11611.7001953125,1704.2400207519531,10308.139892578125,25.0,42.0,10.0,2.0,0.0,0.0,0.0,0.0,0.0,0.0,0.0,0.0,0.0,0.0,0.0,0.0,0.0,0.0,2.0,0.0,0.0,10.0,0.0,0.0,0.0,0.0,0.0,0.0,7.0,4.0,2.0,2.0,4.0,0.0,6.0,5.0,5.0,6.0,9.0,0.0,0.0,0.0,6.0,4.0,114.0,59.0,12.0,73.0,40.0,14.0,96.0,31.0,127.0,5.0,0.0,45.0,36.0,0.0,0.0,24.0,38.0,4.0,8.0,34.0,16.0,42.0,0.0,304.0,154.0,2.0,1.0,2.0,13.628451943397522,1.0,271.6193333333333,33.518367767333984,28133.459716796875,0.5617584511637688,0.0,FW,42.857142857142854
430070,Ante BUDIMIR,43938,Croatia,CRO,Forward,0.0,3.0,0.0,0.0,0.0,0.0,2.0,0.0,0.0,0.0,1.0,0.0,0.0,3.0,1.0,2.0,1.0,0.0,0.0,1.0,0.0,4.987508058547974,1.0,0.0,0.0,0.0,0.0,76.0,13.0,0.0,0.0,1967.56005859375,432.86002349853516,8176.900146484375,1180.8999938964844,6964.0699462890625,3.0,11.0,13.0,6.0,4.0,0.0,,,0.0,0.0,0.0,0.0,0.0,0.0,1.0,0.0,1.0,0.0,1.0,0.0,0.0,2.0,0.0,0.0,0.0,0.0,0.0,0.0,0.0,2.0,0.0,0.0,2.0,0.0,0.0,0.0,0.0,0.0,2.0,0.0,0.0,0.0,0.0,3.0,37.0,24.0,4.0,65.0,10.0,1.0,68.0,8.0,76.0,0.0,0.0,10.0,6.0,0.0,0.0,10.0,14.0,1.0,3.0,13.0,5.0,16.0,0.0,180.0,94.0,1.0,2.0,0.0,6.666761875152588,0.0,168.35075,32.057735443115234,18722.2900390625,0.4586486220359802,0.0,FW,33.33333333333333
448152,Cody GAKPO,43960,Netherlands,NED,Forward,1.0,10.0,0.0,1.0,2.0,0.0,3.0,0.0,0.0,0.0,4.0,0.0,0.0,8.0,5.0,1.0,6.0,2.0,1.0,15.0,1.0,5.977567195892334,8.0,0.0,1.0,10.0,1.0,127.0,7.0,0.0,0.0,4527.520263671875,914.3599853515625,15381.869873046875,2307.4099731445312,16095.840087890625,74.0,120.0,15.0,3.0,3.0,0.0,0.0,0.0,0.0,0.0,0.0,0.0,0.0,0.0,3.0,0.0,3.0,0.0,2.0,0.0,0.0,41.0,4.0,0.0,4.0,1.0,0.0,0.0,21.0,18.0,12.0,8.0,11.0,3.0,19.0,8.0,4.0,12.0,38.0,1.0,0.0,3.0,19.0,4.0,257.0,127.0,14.0,56.0,39.0,8.0,54.0,49.0,103.0,3.0,0.0,100.0,79.0,0.0,0.0,30.0,86.0,5.0,5.0,67.0,63.0,72.0,0.0,418.0,177.0,0.0,4.0,7.0,4.651883602142334,1.0,394.13865000000004,33.16389846801758,39227.0009765625,1.3463682904839516,0.0,FW,60.0
405920,John YEBOAH,43927,Ecuador,ECU,Forward,0.0,8.0,0.0,0.0,2.0,0.0,0.0,0.0,0.0,2.0,4.0,0.0,0.0,4.0,2.0,5.0,3.0,4.0,1.0,15.0,1.0,5.743861198425293,12.0,0.0,3.0,9.0,4.0,73.0,20.0,0.0,0.0,4266.850158691406,898.7199935913086,12046.64990234375,1967.239990234375,12321.389892578125,84.0,119.0,44.0,0.0,4.0,0.0,0.0,0.0,0.0,0.0,0.0,0.0,0.0,0.0,0.0,0.0,0.0,0.0,0.0,0.0,0.0,31.0,2.0,0.0,4.0,2.0,1.0,2.0,18.0,9.0,6.0,5.0,6.0,1.0,18.0,10.0,9.0,15.0,28.0,1.0,0.0,0.0,16.0,4.0,262.0,132.0,18.0,39.0,55.0,20.0,43.0,71.0,114.0,0.0,0.0,104.0,85.0,0.0,0.0,44.0,52.0,3.0,7.0,79.0,44.0,86.0,0.0,395.0,169.0,0.0,4.0,9.0,2.3249058723449707,2.0,330.2797333333333,33.86237335205078,31500.849609375,0.7209831476211548,0.0,FW,37.5
339745,SALEM ALDAWSARI,43835,Saudi Arabia,KSA,Forward,0.0,3.0,0.0,1.0,0.0,0.0,1.0,0.0,0.0,1.0,1.0,0.0,0.0,1.0,0.0,1.0,1.0,2.0,1.0,9.0,1.0,6.355222384134929,7.0,1.0,0.0,2.0,0.0,120.0,15.0,1.0,0.0,4483.1798095703125,683.2799835205078,10954.230224609375,1896.169921875,11435.2099609375,46.0,71.0,15.0,3.0,4.0,1.0,0.0,0.0,0.0,0.0,0.0,0.0,0.0,0.0,0.0,0.0,0.0,0.0,0.0,0.0,0.0,26.0,1.0,1.0,4.0,4.0,2.0,2.0,17.0,4.0,3.0,2.0,3.0,0.0,18.0,10.0,8.0,16.0,18.0,1.0,1.0,0.0,12.0,3.0,193.0,86.0,3.0,61.0,33.0,10.0,50.0,54.0,104.0,1.0,0.0,81.0,58.0,0.0,0.0,30.0,50.0,3.0,8.0,56.0,33.0,64.0,0.0,400.0,160.0,0.0,1.0,7.0,1.8434107303619385,2.0,276.45325,33.31848907470703,29452.0703125,0.07671361230313778,1.0,FW,33.33333333333333
369419,Harry KANE,43942,England,ENG,Forward,1.0,23.0,0.0,3.0,1.0,2.0,4.0,2.0,1.0,4.0,8.0,2.0,1.0,18.0,10.0,8.0,11.0,5.0,1.0,9.0,2.0,5.6434525847435,3.0,2.0,0.0,3.0,1.0,262.0,22.0,2.0,0.0,10316.829345703125,1011.8899765014648,32799.66943359375,4078.2699584960938,30358.029541015625,50.0,93.0,25.0,8.0,9.0,3.0,0.0,0.0,0.0,0.0,0.0,0.0,0.0,0.0,6.0,0.0,6.0,0.0,5.0,1.0,0.0,58.0,8.0,4.0,14.0,6.0,2.0,2.0,33.0,11.0,6.0,1.0,1.0,2.0,33.0,21.0,15.0,19.0,27.0,3.0,1.0,2.0,22.0,7.0,276.0,150.0,31.0,44.0,64.0,26.0,111.0,23.0,134.0,2.0,0.0,99.0,73.0,2.0,2.0,42.0,70.0,6.0,17.0,64.0,64.0,81.0,0.0,859.0,260.0,0.0,2.0,1.0,19.146304845809937,1.0,732.08485,32.36048889160156,78564.689453125,3.686707140877843,0.0,FW,47.82608695652174
404319,Ajdin HRUSTIC,43976,Australia,AUS,Forward,0.0,3.0,0.0,2.0,1.0,0.0,0.0,0.0,0.0,0.0,2.0,0.0,0.0,2.0,0.0,1.0,0.0,1.0,0.0,1.0,0.0,3.7435765266418457,1.0,0.0,1.0,5.0,2.0,40.0,2.0,2.0,0.0,2129.2100219726562,250.54999542236328,5063.6600341796875,778.239990234375,3238.7301025390625,25.0,34.0,5.0,1.0,0.0,2.0,,,0.0,0.0,0.0,0.0,0.0,0.0,0.0,0.0,0.0,0.0,0.0,0.0,0.0,6.0,0.0,2.0,2.0,0.0,0.0,0.0,1.0,0.0,0.0,0.0,0.0,0.0,4.0,1.0,1.0,2.0,4.0,0.0,0.0,0.0,0.0,2.0,80.0,36.0,8.0,14.0,32.0,5.0,27.0,24.0,51.0,0.0,0.0,31.0,27.0,0.0,0.0,13.0,15.0,2.0,2.0,28.0,8.0,30.0,0.0,183.0,58.0,2.0,0.0,1.0,1.626541793346405,0.0,90.67051666666669,30.186803817749023,11460.39013671875,0.10626549273729324,0.0,FW,0.0
398588,Alexander SORLOTH,43961,Norway,NOR,Forward,0.0,5.0,0.0,1.0,0.0,1.0,0.0,2.0,0.0,0.0,2.0,0.0,0.0,5.0,1.0,2.0,1.0,0.0,0.0,14.0,0.0,5.376063108444214,3.0,0.0,0.0,5.0,1.0,70.0,8.0,0.0,0.0,5619.41015625,1237.3299560546875,15800.85986328125,2258.8699645996094,13873.44970703125,67.0,108.0,9.0,6.0,2.0,0.0,0.0,0.0,0.0,0.0,0.0,0.0,0.0,0.0,0.0,0.0,0.0,0.0,1.0,0.0,0.0,16.0,0.0,1.0,4.0,2.0,1.0,3.0,12.0,5.0,5.0,5.0,5.0,0.0,7.0,5.0,4.0,6.0,15.0,0.0,1.0,0.0,11.0,5.0,276.0,120.0,17.0,56.0,78.0,1.0,49.0,86.0,135.0,2.0,0.0,110.0,88.0,0.0,0.0,54.0,83.0,3.0,16.0,72.0,54.0,88.0,0.0,483.0,187.0,0.0,5.0,2.0,5.15787672996521,1.0,363.11564999999996,33.679176330566406,38789.9208984375,0.5988785326480865,0.0,FW,20.0
373400,Enner VALENCIA,43927,Ecuador,ECU,Forward,0.0,10.0,0.0,2.0,0.0,0.0,3.0,0.0,0.0,2.0,5.0,0.0,0.0,9.0,5.0,2.0,6.0,1.0,1.0,4.0,0.0,5.714276075363159,2.0,0.0,0.0,1.0,0.0,91.0,11.0,0.0,0.0,2575.0099487304688,523.2800216674805,12350.689453125,1345.3500061035156,12695.56005859375,18.0,35.0,8.0,4.0,7.0,0.0,0.0,0.0,0.0,0.0,0.0,0.0,0.0,0.0,0.0,0.0,0.0,0.0,2.0,0.0,0.0,5.0,0.0,0.0,0.0,0.0,0.0,0.0,3.0,1.0,0.0,0.0,1.0,0.0,4.0,3.0,3.0,4.0,4.0,0.0,0.0,0.0,2.0,4.0,125.0,73.0,15.0,56.0,35.0,7.0,64.0,34.0,98.0,2.0,0.0,40.0,33.0,0.0,0.0,27.0,42.0,9.0,12.0,31.0,21.0,43.0,0.0,233.0,108.0,0.0,3.0,2.0,14.409197807312012,0.0,311.66519999999997,33.107608795166016,29489.89013671875,1.5254123359918594,0.0,FW,60.0
379942,Riyad Mahrez,43843,Algeria,ALG,Forward,1.0,6.0,0.0,3.0,0.0,0.0,2.0,1.0,1.0,0.0,3.0,0.0,0.0,4.0,3.0,0.0,3.0,2.0,0.0,6.0,6.0,6.475965976715088,0.0,6.0,5.0,9.0,3.0,102.0,13.0,7.0,0.0,4334.0599365234375,478.13001251220703,12590.450561523438,1807.9100494384766,11897.169921875,85.0,110.0,22.0,1.0,7.0,7.0,0.0,0.0,0.0,0.0,0.0,0.0,0.0,0.0,2.0,0.0,2.0,0.0,0.0,0.0,0.0,40.0,3.0,1.0,6.0,3.0,1.0,2.0,23.0,9.0,6.0,3.0,4.0,2.0,25.0,14.0,11.0,19.0,32.0,2.0,0.0,1.0,17.0,4.0,325.0,137.0,17.0,83.0,59.0,19.0,62.0,99.0,161.0,1.0,0.0,147.0,127.0,0.0,0.0,45.0,51.0,4.0,6.0,67.0,82.0,73.0,0.0,382.0,130.0,1.0,2.0,0.0,5.963317632675171,11.0,288.37985000000003,31.519227981567383,31107.7197265625,1.489458717405796,0.0,FW,50.0
405755,Jaminton CAMPAZ,43926,Colombia,COL,Forward,0.0,6.0,0.0,0.0,1.0,0.0,1.0,0.0,0.0,3.0,1.0,0.0,0.0,3.0,1.0,3.0,3.0,3.0,2.0,7.0,2.0,4.049155044555664,5.0,2.0,0.0,3.0,0.0,41.0,5.0,0.0,0.0,1655.4298553466797,224.92000198364258,4122.5902099609375,911.8499908447266,3731.070037841797,15.0,27.0,5.0,2.0,3.0,0.0,0.0,0.0,0.0,0.0,0.0,0.0,0.0,0.0,1.0,0.0,1.0,0.0,1.0,0.0,0.0,11.0,2.0,0.0,3.0,2.0,1.0,1.0,6.0,2.0,1.0,0.0,0.0,0.0,6.0,3.0,2.0,4.0,7.0,1.0,0.0,0.0,3.0,3.0,59.0,28.0,9.0,16.0,21.0,0.0,16.0,21.0,37.0,2.0,0.0,18.0,12.0,0.0,0.0,11.0,13.0,2.0,4.0,10.0,18.0,14.0,0.0,143.0,67.0,3.0,0.0,5.0,4.5983827114105225,0.0,98.95519999999998,29.847793579101562,10645.859741210938,0.6399319767951965,0.0,FW,50.0
431212,ALI OLWAN,43820,Jordan,JOR,Forward,0.0,6.0,0.0,1.0,1.0,0.0,1.0,0.0,0.0,1.0,3.0,0.0,0.0,4.0,2.0,2.0,3.0,2.0,1.0,16.0,1.0,6.785743713378906,8.0,1.0,0.0,8.0,3.0,154.0,7.0,0.0,0.0,4650.580078125,804.1400451660156,14692.259765625,1773.1800842285156,11652.37060546875,34.0,61.0,11.0,1.0,4.0,0.0,0.0,0.0,0.0,0.0,0.0,0.0,0.0,0.0,1.0,0.0,1.0,0.0,1.0,0.0,0.0,14.0,2.0,0.0,2.0,0.0,0.0,0.0,6.0,4.0,2.0,2.0,2.0,0.0,8.0,4.0,4.0,6.0,10.0,0.0,0.0,0.0,5.0,3.0,147.0,84.0,10.0,22.0,36.0,5.0,30.0,33.0,63.0,1.0,0.0,48.0,36.0,0.0,0.0,19.0,40.0,12.0,10.0,37.0,33.0,47.0,0.0,411.0,138.0,0.0,2.0,6.0,2.074110746383667,1.0,297.3423833333334,33.425907135009766,33572.53125,0.2544851303100586,0.0,FW,50.0
355642,RYAN MENDES,43850,Cabo Verde,CPV,Forward,1.0,6.0,0.0,3.0,1.0,0.0,0.0,0.0,0.0,4.0,1.0,0.0,0.0,3.0,0.0,3.0,0.0,3.0,0.0,11.0,1.0,6.203289985656738,7.0,1.0,0.0,5.0,0.0,102.0,14.0,0.0,0.0,5260.510009765625,776.9600219726562,14840.820068359375,2169.4300537109375,14782.480224609375,55.0,79.0,24.0,1.0,2.0,0.0,0.0,0.0,0.0,0.0,0.0,0.0,0.0,0.0,0.0,0.0,0.0,0.0,0.0,0.0,0.0,20.0,1.0,1.0,3.0,2.0,0.0,1.0,15.0,4.0,2.0,1.0,3.0,0.0,13.0,11.0,9.0,11.0,15.0,1.0,1.0,0.0,10.0,4.0,211.0,110.0,13.0,52.0,84.0,15.0,50.0,101.0,151.0,2.0,0.0,82.0,70.0,0.0,0.0,47.0,35.0,0.0,8.0,43.0,61.0,51.0,0.0,468.0,170.0,0.0,2.0,6.0,2.222913011908531,1.0,366.04060000000004,33.767303466796875,37830.20068359375,0.06917790789157152,0.0,FW,0.0
466624,Folarin BALOGUN,43921,USA,USA,Forward,0.0,14.0,0.0,2.0,1.0,1.0,2.0,1.0,0.0,2.0,7.0,0.0,0.0,14.0,5.0,6.0,5.0,0.0,0.0,9.0,0.0,4.779363346099854,6.0,0.0,0.0,6.0,0.0,106.0,7.0,0.0,1.0,4100.720153808594,1007.8699951171875,14860.509765625,2018.5199890136719,12964.020751953125,27.0,59.0,29.0,3.0,8.0,0.0,0.0,0.0,0.0,0.0,0.0,0.0,0.0,0.0,3.0,0.0,3.0,0.0,2.0,0.0,0.0,12.0,1.0,1.0,2.0,1.0,0.0,0.0,7.0,6.0,4.0,3.0,5.0,0.0,4.0,2.0,1.0,2.0,10.0,1.0,0.0,0.0,6.0,4.0,153.0,86.0,16.0,104.0,69.0,2.0,134.0,41.0,175.0,3.0,0.0,44.0,30.0,0.0,0.0,44.0,55.0,21.0,33.0,31.0,21.0,64.0,1.0,329.0,183.0,0.0,3.0,4.0,16.22389578819275,0.0,348.7864333333333,35.60237121582031,34951.63916015625,2.0170280262827873,1.0,FW,35.714285714285715
430917,Evidence MAKGOPA,43883,South Africa,RSA,Forward,0.0,4.0,0.0,0.0,0.0,0.0,1.0,0.0,0.0,1.0,1.0,0.0,1.0,4.0,3.0,1.0,3.0,0.0,0.0,3.0,0.0,6.212053537368774,0.0,0.0,0.0,0.0,0.0,76.0,9.0,0.0,0.0,3444.2499237060547,387.2900161743164,10133.579833984375,1410.2699890136719,10035.390075683594,13.0,27.0,15.0,1.0,1.0,0.0,0.0,0.0,0.0,0.0,0.0,0.0,0.0,0.0,0.0,0.0,0.0,0.0,2.0,0.0,0.0,4.0,1.0,0.0,1.0,1.0,0.0,0.0,3.0,1.0,1.0,0.0,0.0,0.0,2.0,1.0,0.0,1.0,0.0,1.0,0.0,0.0,0.0,4.0,77.0,42.0,10.0,32.0,10.0,1.0,35.0,8.0,43.0,2.0,0.0,29.0,20.0,0.0,0.0,9.0,30.0,3.0,6.0,22.0,12.0,28.0,0.0,319.0,106.0,2.0,1.0,0.0,10.354050517082214,0.0,241.34380000000004,32.45138931274414,25410.78173828125,0.4228098466992378,0.0,FW,75.0
498806,Mohamed TOURE,43976,Australia,AUS,Forward,0.0,4.0,0.0,1.0,1.0,0.0,1.0,0.0,0.0,2.0,0.0,0.0,0.0,4.0,1.0,2.0,1.0,0.0,0.0,8.0,0.0,4.7599745988845825,3.0,0.0,0.0,2.0,0.0,86.0,5.0,0.0,0.0,2478.1099853515625,569.0800170898438,8418.329833984375,842.9199981689453,7199.5902099609375,10.0,26.0,3.0,4.0,2.0,0.0,0.0,0.0,0.0,0.0,0.0,0.0,0.0,0.0,0.0,0.0,0.0,0.0,1.0,0.0,0.0,3.0,0.0,0.0,0.0,0.0,0.0,0.0,2.0,2.0,1.0,1.0,2.0,0.0,1.0,1.0,1.0,1.0,3.0,0.0,0.0,0.0,2.0,3.0,53.0,35.0,6.0,18.0,7.0,0.0,16.0,9.0,25.0,1.0,0.0,16.0,12.0,0.0,0.0,8.0,17.0,6.0,7.0,18.0,4.0,25.0,0.0,217.0,79.0,1.0,2.0,2.0,5.09505832195282,0.0,182.86648333333335,35.7724494934082,19508.02978515625,0.2641667565330863,0.0,FW,25.0
430751,Mikel OYARZABAL,43969,Spain,ESP,Forward,1.0,23.0,0.0,1.0,4.0,2.0,4.0,0.0,0.0,2.0,9.0,1.0,1.0,16.0,8.0,9.0,12.0,7.0,4.0,8.0,2.0,5.930540442466736,7.0,1.0,0.0,8.0,1.0,272.0,16.0,1.0,0.0,8665.599914550781,1496.8100357055664,24401.589721679688,4172.75,26814.48095703125,85.0,137.0,58.0,4.0,5.0,1.0,0.0,0.0,0.0,0.0,0.0,0.0,0.0,0.0,5.0,0.0,5.0,0.0,5.0,0.0,0.0,26.0,1.0,0.0,1.0,1.0,0.0,0.0,21.0,4.0,1.0,0.0,3.0,0.0,21.0,19.0,18.0,20.0,25.0,1.0,0.0,0.0,20.0,8.0,392.0,192.0,33.0,148.0,129.0,14.0,236.0,55.0,291.0,1.0,0.0,149.0,124.0,1.0,1.0,79.0,125.0,13.0,24.0,108.0,66.0,132.0,0.0,745.0,319.0,0.0,6.0,2.0,29.943958640098572,1.0,664.9475333333335,32.203094482421875,65551.22998046875,4.334169706329703,0.0,FW,52.17391304347826
299200,Marko ARNAUTOVIC,43934,Austria,AUT,Forward,0.0,3.0,0.0,0.0,0.0,0.0,0.0,0.0,0.0,1.0,1.0,1.0,0.0,3.0,3.0,0.0,3.0,0.0,0.0,1.0,0.0,5.435826539993286,1.0,0.0,0.0,1.0,0.0,35.0,1.0,0.0,0.0,1758.3899230957031,196.99999904632568,6100.889892578125,689.1400299072266,7017.4598388671875,17.0,28.0,5.0,3.0,1.0,0.0,0.0,0.0,0.0,0.0,0.0,0.0,0.0,0.0,2.0,0.0,2.0,0.0,0.0,0.0,0.0,1.0,0.0,0.0,0.0,0.0,0.0,0.0,1.0,0.0,0.0,0.0,0.0,0.0,1.0,1.0,1.0,1.0,1.0,0.0,0.0,0.0,1.0,4.0,75.0,40.0,4.0,17.0,8.0,0.0,19.0,6.0,25.0,5.0,0.0,32.0,25.0,1.0,1.0,4.0,25.0,5.0,5.0,25.0,3.0,30.0,0.0,156.0,57.0,3.0,1.0,0.0,13.588975667953491,0.0,173.85736666666665,31.8085880279541,15762.87939453125,1.310304969549179,1.0,FW,100.0
448196,Bukayo SAKA,43942,England,ENG,Forward,3.0,13.0,0.0,3.0,4.0,0.0,1.0,0.0,0.0,1.0,5.0,1.0,1.0,11.0,5.0,4.0,7.0,2.0,2.0,21.0,2.0,5.47584342956543,14.0,2.0,5.0,23.0,5.0,85.0,21.0,1.0,0.0,5968.399932861328,1174.0599784851074,15510.869506835938,2655.5500869750977,16701.84979248047,66.0,111.0,7.0,4.0,9.0,1.0,0.0,0.0,0.0,0.0,0.0,0.0,0.0,0.0,3.0,0.0,2.0,1.0,1.0,0.0,0.0,34.0,4.0,1.0,6.0,5.0,1.0,1.0,24.0,11.0,8.0,3.0,4.0,3.0,17.0,11.0,5.0,9.0,22.0,3.0,1.0,2.0,14.0,7.0,303.0,151.0,26.0,56.0,41.0,15.0,50.0,62.0,112.0,4.0,0.0,101.0,81.0,1.0,1.0,50.0,70.0,21.0,13.0,49.0,94.0,62.0,0.0,518.0,213.0,4.0,2.0,12.0,8.668764054775238,3.0,411.64058333333327,33.01069259643555,42010.729736328125,1.7217089235782623,0.0,FW,53.84615384615385
405879,Wilson Isidor,43908,Haiti,HAI,Forward,0.0,5.0,0.0,1.0,0.0,0.0,0.0,1.0,0.0,1.0,3.0,0.0,0.0,2.0,1.0,2.0,2.0,3.0,1.0,2.0,0.0,6.780791441599528,0.0,0.0,0.0,0.0,0.0,88.0,1.0,0.0,0.0,3298.6400146484375,624.6700134277344,8665.040283203125,1430.1300048828125,8681.11962890625,12.0,21.0,7.0,3.0,2.0,0.0,0.0,0.0,0.0,0.0,0.0,0.0,0.0,0.0,1.0,0.0,0.0,1.0,1.0,0.0,0.0,8.0,0.0,1.0,1.0,0.0,0.0,0.0,6.0,1.0,1.0,1.0,1.0,0.0,6.0,5.0,5.0,5.0,5.0,0.0,0.0,0.0,5.0,3.0,64.0,39.0,7.0,34.0,18.0,3.0,44.0,11.0,55.0,1.0,0.0,21.0,18.0,0.0,0.0,9.0,18.0,1.0,9.0,13.0,13.0,22.0,0.0,287.0,110.0,1.0,2.0,0.0,5.749718010425568,0.0,201.41621666666666,33.68587112426758,22699.599609375,0.14990947302430868,0.0,FW,40.0
510989,Brian CIPENGA,20014,Congo DR,COD,Forward,0.0,6.0,0.0,1.0,0.0,0.0,0.0,1.0,1.0,0.0,5.0,0.0,0.0,2.0,1.0,3.0,1.0,4.0,0.0,19.0,0.0,3.3445016145706177,8.0,0.0,1.0,11.0,2.0,72.0,14.0,1.0,0.0,2413.9901123046875,390.2200164794922,8130.07958984375,1237.8800659179688,5591.070068359375,29.0,71.0,10.0,2.0,1.0,1.0,,,0.0,0.0,0.0,0.0,0.0,0.0,1.0,0.0,1.0,0.0,0.0,0.0,0.0,21.0,2.0,0.0,3.0,1.0,1.0,1.0,4.0,12.0,1.0,1.0,10.0,0.0,6.0,2.0,2.0,4.0,20.0,0.0,0.0,0.0,4.0,2.0,154.0,89.0,11.0,29.0,11.0,5.0,15.0,30.0,45.0,1.0,0.0,47.0,28.0,0.0,0.0,16.0,49.0,3.0,6.0,42.0,32.0,48.0,0.0,210.0,112.0,0.0,2.0,6.0,1.6366319060325623,1.0,160.4582,33.247589111328125,17763.240234375,0.23134799301624298,0.0,FW,16.666666666666664
485655,Michael OLISE,43946,France,FRA,Forward,7.0,20.0,0.0,5.0,2.0,0.0,2.0,0.0,0.0,3.0,13.0,0.0,0.0,10.0,2.0,10.0,5.0,10.0,3.0,47.0,3.0,7.074130892753601,29.0,3.0,25.0,20.0,5.0,289.0,32.0,15.0,0.0,12546.749877929688,2236.890007019043,37367.96875,5484.989990234375,26862.97998046875,278.0,361.0,50.0,5.0,16.0,15.0,0.0,0.0,0.0,0.0,0.0,0.0,0.0,0.0,0.0,0.0,0.0,0.0,0.0,0.0,0.0,162.0,8.0,4.0,22.0,17.0,10.0,10.0,121.0,28.0,21.0,10.0,11.0,9.0,112.0,83.0,69.0,91.0,108.0,4.0,3.0,7.0,85.0,8.0,952.0,416.0,69.0,75.0,199.0,91.0,234.0,131.0,365.0,0.0,0.0,417.0,362.0,0.0,0.0,149.0,140.0,9.0,17.0,211.0,244.0,228.0,0.0,1054.0,388.0,0.0,4.0,17.0,8.259577333927155,4.0,719.9583500000001,34.65202713012695,84499.5771484375,2.336453005671501,1.0,FW,25.0
484860,Bradley BARCOLA,43946,France,FRA,Forward,1.0,10.0,0.0,0.0,3.0,0.0,1.0,0.0,0.0,1.0,5.0,0.0,0.0,7.0,5.0,4.0,5.0,3.0,0.0,30.0,0.0,6.032448470592499,17.0,0.0,0.0,7.0,1.0,134.0,25.0,1.0,0.0,4252.330139160156,1595.9500427246094,16086.310485839844,1987.939956665039,18848.049560546875,92.0,135.0,21.0,5.0,1.0,1.0,0.0,0.0,0.0,0.0,0.0,0.0,0.0,0.0,3.0,0.0,3.0,0.0,1.0,0.0,0.0,28.0,0.0,0.0,0.0,0.0,0.0,0.0,21.0,11.0,8.0,6.0,8.0,3.0,17.0,13.0,11.0,14.0,23.0,0.0,0.0,2.0,18.0,8.0,313.0,156.0,30.0,73.0,35.0,15.0,55.0,68.0,123.0,1.0,0.0,117.0,106.0,0.0,0.0,43.0,93.0,16.0,7.0,77.0,74.0,84.0,0.0,340.0,165.0,4.0,3.0,11.0,9.82173466682434,0.0,432.7750833333334,36.31654357910156,42770.58056640625,1.9850478013977408,1.0,FW,50.0
481180,Shahriyar MOGHANLOO,43817,IR Iran,IRN,Forward,0.0,3.0,0.0,0.0,0.0,0.0,0.0,0.0,0.0,1.0,2.0,0.0,0.0,2.0,0.0,2.0,0.0,1.0,0.0,1.0,1.0,7.096232096354167,0.0,0.0,0.0,2.0,0.0,52.0,4.0,0.0,0.0,1949.8799133300781,149.520005941391,5223.0899658203125,691.1199798583984,4240.549987792969,8.0,21.0,6.0,1.0,1.0,0.0,0.0,0.0,0.0,0.0,0.0,0.0,0.0,0.0,0.0,0.0,0.0,0.0,1.0,0.0,0.0,6.0,1.0,0.0,1.0,0.0,0.0,0.0,1.0,2.0,1.0,1.0,1.0,0.0,3.0,0.0,0.0,2.0,3.0,0.0,0.0,0.0,1.0,3.0,66.0,33.0,7.0,13.0,6.0,0.0,15.0,4.0,19.0,1.0,0.0,25.0,15.0,0.0,0.0,7.0,22.0,4.0,9.0,8.0,14.0,17.0,0.0,168.0,47.0,2.0,1.0,0.0,7.781891107559204,1.0,108.96733333333334,28.93494987487793,12254.159912109375,0.5085563063621521,0.0,FW,0.0
430750,Dani OLMO,43969,Spain,ESP,Forward,2.0,13.0,0.0,3.0,0.0,1.0,2.0,0.0,0.0,4.0,6.0,0.0,0.0,7.0,1.0,7.0,2.0,6.0,1.0,30.0,3.0,6.5539475083351135,22.0,3.0,0.0,2.0,0.0,305.0,24.0,3.0,0.0,9477.010040283203,819.1100082397461,25761.67041015625,3511.220016479492,18373.64974975586,128.0,163.0,37.0,6.0,10.0,3.0,0.0,0.0,0.0,0.0,0.0,0.0,0.0,0.0,0.0,0.0,0.0,0.0,2.0,0.0,0.0,100.0,4.0,3.0,13.0,12.0,6.0,6.0,83.0,17.0,13.0,9.0,12.0,1.0,70.0,58.0,51.0,62.0,56.0,3.0,3.0,1.0,45.0,8.0,537.0,233.0,33.0,89.0,175.0,50.0,248.0,66.0,314.0,0.0,0.0,229.0,207.0,0.0,0.0,95.0,79.0,4.0,14.0,98.0,162.0,112.0,0.0,849.0,266.0,2.0,6.0,15.0,11.37807297706604,0.0,535.375,32.209922790527344,57942.660400390625,1.1608793940395117,0.0,FW,15.384615384615385
405454,Elijah JUST,43978,New Zealand,NZL,Midfielder,0.0,7.0,0.0,1.0,0.0,0.0,0.0,0.0,0.0,3.0,4.0,0.0,0.0,5.0,4.0,1.0,5.0,2.0,1.0,15.0,2.0,6.8773830731709795,9.0,1.0,0.0,1.0,0.0,152.0,18.0,2.0,0.0,5286.0599365234375,909.7100372314453,14440.36962890625,2245.75,10548.41015625,65.0,97.0,19.0,3.0,2.0,2.0,0.0,0.0,0.0,0.0,0.0,0.0,0.0,0.0,3.0,0.0,3.0,0.0,0.0,0.0,0.0,44.0,3.0,4.0,11.0,7.0,2.0,4.0,33.0,5.0,1.0,0.0,2.0,0.0,28.0,25.0,20.0,21.0,31.0,1.0,4.0,0.0,21.0,3.0,236.0,109.0,13.0,36.0,101.0,25.0,100.0,62.0,162.0,0.0,0.0,99.0,85.0,0.0,0.0,44.0,35.0,2.0,2.0,70.0,42.0,72.0,0.0,460.0,178.0,0.0,1.0,4.0,1.552158385515213,5.0,291.59950000000003,31.595182418823242,33430.298828125,0.8625682815909386,1.0,MF,71.42857142857143
430698,Houssem Aouar,43843,Algeria,ALG,Midfielder,2.0,3.0,0.0,0.0,0.0,0.0,1.0,0.0,0.0,0.0,2.0,0.0,0.0,1.0,0.0,1.0,1.0,2.0,1.0,6.0,0.0,5.032886385917664,4.0,0.0,0.0,1.0,1.0,61.0,7.0,0.0,0.0,3017.2299194335938,204.95000076293945,9432.830444335938,1067.0599822998047,7414.8599853515625,55.0,67.0,8.0,1.0,2.0,0.0,0.0,0.0,0.0,0.0,0.0,0.0,0.0,0.0,0.0,0.0,0.0,0.0,0.0,0.0,0.0,13.0,0.0,0.0,0.0,0.0,0.0,0.0,13.0,3.0,3.0,3.0,3.0,0.0,10.0,10.0,10.0,10.0,9.0,0.0,0.0,0.0,9.0,3.0,185.0,68.0,9.0,43.0,46.0,17.0,62.0,44.0,106.0,0.0,0.0,84.0,79.0,0.0,0.0,31.0,29.0,4.0,5.0,50.0,41.0,55.0,0.0,253.0,83.0,1.0,2.0,1.0,4.637561678886414,3.0,191.86515,31.52810287475586,21136.930908203125,0.23675720393657684,0.0,MF,33.33333333333333
355775,Jackson IRVINE,43976,Australia,AUS,Midfielder,0.0,3.0,0.0,0.0,0.0,1.0,1.0,0.0,0.0,1.0,0.0,0.0,0.0,3.0,1.0,1.0,1.0,0.0,0.0,4.0,2.0,7.468309164047241,3.0,2.0,0.0,2.0,1.0,80.0,11.0,1.0,0.0,5882.43994140625,353.09000396728516,14632.350158691406,1719.4100952148438,8895.860107421875,73.0,95.0,7.0,3.0,3.0,1.0,0.0,0.0,0.0,0.0,0.0,0.0,0.0,0.0,0.0,0.0,0.0,0.0,1.0,0.0,0.0,38.0,1.0,4.0,13.0,9.0,8.0,8.0,21.0,2.0,0.0,0.0,1.0,0.0,23.0,12.0,11.0,18.0,28.0,0.0,1.0,0.0,13.0,4.0,279.0,113.0,10.0,19.0,43.0,38.0,69.0,31.0,100.0,0.0,0.0,124.0,103.0,0.0,0.0,34.0,25.0,2.0,4.0,63.0,68.0,67.0,0.0,495.0,125.0,2.0,1.0,1.0,1.591385193169117,0.0,255.06915000000004,29.89175796508789,31483.150634765625,0.211469866335392,1.0,MF,33.33333333333333
464933,Abbosbek FAYZULLAEV,44005,Uzbekistan,UZB,Midfielder,0.0,3.0,0.0,0.0,0.0,0.0,0.0,1.0,1.0,0.0,1.0,0.0,1.0,2.0,2.0,1.0,2.0,1.0,0.0,3.0,1.0,6.322368462880452,1.0,1.0,5.0,9.0,2.0,137.0,27.0,4.0,0.0,3901.340087890625,650.6900329589844,10233.430419921875,1679.5501098632812,8836.800048828125,20.0,35.0,17.0,6.0,4.0,4.0,0.0,0.0,0.0,0.0,0.0,0.0,0.0,0.0,1.0,0.0,1.0,0.0,1.0,0.0,0.0,14.0,2.0,1.0,4.0,3.0,1.0,1.0,8.0,2.0,1.0,0.0,0.0,0.0,8.0,4.0,2.0,5.0,12.0,1.0,1.0,0.0,7.0,3.0,102.0,57.0,4.0,45.0,52.0,7.0,64.0,40.0,104.0,0.0,0.0,36.0,24.0,0.0,0.0,22.0,30.0,0.0,3.0,30.0,16.0,33.0,0.0,341.0,141.0,0.0,3.0,1.0,3.109407126903534,0.0,240.24848333333333,33.868465423583984,25301.810546875,1.002145178616047,0.0,MF,66.66666666666666
430763,Luis ROMO,43911,Mexico,MEX,Midfielder,1.0,3.0,0.0,0.0,0.0,0.0,0.0,0.0,0.0,1.0,2.0,0.0,0.0,1.0,1.0,2.0,1.0,2.0,0.0,0.0,0.0,5.5260009765625,0.0,0.0,0.0,2.0,1.0,71.0,12.0,2.0,0.0,5732.0902099609375,568.5099945068359,13684.990234375,1896.2699890136719,10933.150146484375,49.0,59.0,14.0,1.0,3.0,2.0,,,0.0,0.0,0.0,0.0,0.0,0.0,1.0,0.0,1.0,0.0,0.0,0.0,0.0,41.0,3.0,3.0,13.0,9.0,6.0,7.0,27.0,5.0,2.0,1.0,1.0,1.0,23.0,16.0,13.0,16.0,17.0,1.0,2.0,0.0,12.0,4.0,242.0,104.0,14.0,41.0,70.0,42.0,119.0,34.0,153.0,0.0,0.0,106.0,93.0,0.0,0.0,53.0,21.0,2.0,9.0,53.0,58.0,62.0,0.0,483.0,143.0,0.0,4.0,0.0,2.263055592775345,0.0,284.68021666666664,32.1667594909668,32815.009765625,0.09950391575694084,0.0,MF,33.33333333333333
332314,Idrissa Gana GUEYE,43879,Senegal,SEN,Midfielder,0.0,5.0,0.0,1.0,0.0,0.0,0.0,0.0,0.0,2.0,2.0,0.0,0.0,0.0,0.0,3.0,1.0,5.0,1.0,5.0,5.0,5.810123562812805,5.0,5.0,0.0,1.0,0.0,91.0,23.0,6.0,0.0,5201.050048828125,433.48998641967773,18430.880859375,1988.6000061035156,13768.13037109375,111.0,132.0,24.0,2.0,2.0,6.0,0.0,0.0,0.0,0.0,0.0,0.0,0.0,0.0,0.0,0.0,0.0,0.0,0.0,0.0,0.0,94.0,4.0,5.0,29.0,23.0,18.0,20.0,74.0,8.0,5.0,0.0,1.0,3.0,57.0,46.0,39.0,45.0,39.0,3.0,2.0,2.0,28.0,4.0,578.0,205.0,25.0,6.0,54.0,82.0,103.0,39.0,142.0,0.0,0.0,270.0,243.0,0.0,0.0,69.0,11.0,2.0,7.0,79.0,190.0,86.0,0.0,449.0,140.0,0.0,2.0,0.0,0.32744961231946945,1.0,411.0321,29.85439109802246,39822.1513671875,0.11827906034886837,0.0,MF,20.0
395321,Junya ITO,43819,Japan,JPN,Midfielder,0.0,3.0,0.0,2.0,1.0,0.0,0.0,0.0,0.0,0.0,2.0,0.0,0.0,2.0,1.0,0.0,1.0,1.0,0.0,15.0,1.0,5.87670361995697,7.0,1.0,11.0,17.0,6.0,77.0,5.0,2.0,0.0,2879.119903564453,611.4700241088867,10399.979370117188,1333.4800262451172,9197.880126953125,41.0,74.0,6.0,2.0,5.0,2.0,0.0,0.0,0.0,0.0,0.0,0.0,0.0,0.0,1.0,0.0,1.0,0.0,0.0,0.0,0.0,33.0,3.0,0.0,5.0,1.0,0.0,2.0,17.0,10.0,6.0,5.0,6.0,1.0,18.0,10.0,9.0,14.0,22.0,1.0,0.0,0.0,11.0,4.0,215.0,104.0,10.0,36.0,86.0,21.0,80.0,63.0,143.0,0.0,0.0,85.0,65.0,0.0,0.0,48.0,45.0,4.0,1.0,53.0,52.0,54.0,0.0,233.0,108.0,2.0,1.0,3.0,2.8914762437343597,3.0,242.72113333333328,33.3001594543457,24421.929931640625,0.6722526885569096,0.0,MF,33.33333333333333
495046,MAURICIO,43928,Paraguay,PAR,Midfielder,0.0,4.0,0.0,0.0,1.0,0.0,0.0,0.0,0.0,0.0,3.0,0.0,0.0,2.0,2.0,1.0,3.0,2.0,1.0,3.0,1.0,5.189029026031494,3.0,1.0,5.0,12.0,2.0,75.0,4.0,4.0,0.0,3930.1301879882812,411.64999771118164,9095.409790039062,1408.510009765625,7445.510009765625,37.0,62.0,10.0,3.0,3.0,4.0,0.0,0.0,0.0,0.0,0.0,0.0,0.0,0.0,1.0,0.0,1.0,0.0,0.0,0.0,0.0,24.0,3.0,1.0,5.0,1.0,1.0,1.0,8.0,4.0,1.0,1.0,1.0,0.0,15.0,6.0,6.0,11.0,18.0,0.0,0.0,0.0,4.0,4.0,173.0,78.0,9.0,16.0,34.0,22.0,43.0,29.0,72.0,0.0,0.0,69.0,54.0,0.0,0.0,21.0,21.0,2.0,6.0,42.0,31.0,48.0,0.0,321.0,110.0,4.0,0.0,1.0,2.803206503391266,1.0,208.43691666666672,32.12030792236328,22291.210693359375,0.32088449969887733,0.0,MF,75.0
400716,Martin ODEGAARD,43961,Norway,NOR,Midfielder,4.0,9.0,0.0,2.0,0.0,0.0,1.0,0.0,0.0,2.0,6.0,0.0,0.0,5.0,2.0,4.0,3.0,4.0,1.0,17.0,0.0,5.863435745239258,14.0,0.0,12.0,16.0,3.0,195.0,18.0,8.0,0.0,10525.9501953125,1432.72998046875,26557.89013671875,3757.260009765625,20655.100830078125,179.0,233.0,18.0,3.0,4.0,8.0,0.0,0.0,0.0,0.0,0.0,0.0,0.0,0.0,0.0,0.0,0.0,0.0,0.0,0.0,0.0,107.0,7.0,6.0,28.0,22.0,14.0,15.0,78.0,18.0,10.0,4.0,6.0,5.0,61.0,46.0,35.0,43.0,65.0,3.0,5.0,3.0,48.0,5.0,789.0,265.0,28.0,29.0,173.0,127.0,212.0,117.0,329.0,0.0,0.0,367.0,322.0,0.0,0.0,161.0,99.0,5.0,6.0,126.0,251.0,132.0,0.0,878.0,302.0,0.0,1.0,3.0,2.0146846771240234,4.0,537.8812333333333,32.4747314453125,62928.9296875,0.7151185617549345,0.0,MF,33.33333333333333
433787,Scott McTominay,43967,Scotland,SCO,Midfielder,0.0,8.0,0.0,1.0,0.0,0.0,4.0,0.0,0.0,2.0,2.0,0.0,0.0,8.0,3.0,4.0,3.0,0.0,0.0,7.0,2.0,7.1152269045511884,5.0,2.0,0.0,0.0,0.0,103.0,6.0,1.0,0.0,5805.209716796875,373.3299865722656,16989.3896484375,1805.7200317382812,11380.01953125,58.0,75.0,11.0,3.0,0.0,1.0,0.0,0.0,0.0,0.0,0.0,0.0,0.0,0.0,0.0,0.0,0.0,0.0,3.0,0.0,0.0,27.0,1.0,2.0,9.0,8.0,6.0,6.0,23.0,1.0,1.0,0.0,0.0,0.0,17.0,14.0,12.0,14.0,16.0,1.0,1.0,0.0,14.0,3.0,226.0,98.0,10.0,37.0,45.0,35.0,71.0,46.0,117.0,0.0,0.0,96.0,87.0,0.0,0.0,47.0,32.0,0.0,8.0,56.0,55.0,64.0,0.0,483.0,135.0,0.0,0.0,4.0,1.8600172102451324,0.0,306.7999,30.435049057006836,36353.669921875,0.6524675637483597,0.0,MF,37.5
481610,Elliot ANDERSON,43942,England,ENG,Midfielder,1.0,7.0,0.0,2.0,0.0,1.0,0.0,1.0,0.0,2.0,3.0,0.0,0.0,3.0,0.0,4.0,1.0,4.0,1.0,9.0,10.0,6.5973018407821655,8.0,9.0,3.0,6.0,3.0,191.0,60.0,13.0,0.0,11896.210144042969,784.140007019043,36039.58947753906,3870.0399475097656,26107.989685058594,221.0,267.0,34.0,9.0,13.0,14.0,0.0,0.0,0.0,0.0,0.0,0.0,0.0,0.0,0.0,0.0,0.0,0.0,2.0,1.0,0.0,151.0,7.0,17.0,51.0,41.0,26.0,27.0,114.0,17.0,12.0,1.0,1.0,9.0,83.0,61.0,39.0,50.0,67.0,4.0,11.0,7.0,50.0,8.0,975.0,354.0,20.0,21.0,84.0,269.0,271.0,103.0,374.0,0.0,0.0,445.0,396.0,0.0,0.0,160.0,15.0,2.0,18.0,170.0,280.0,188.0,0.0,1006.0,282.0,1.0,3.0,1.0,0.6355702355504036,3.0,713.3772166666666,29.875505447387695,78697.9716796875,0.37513546273112297,1.0,MF,14.285714285714285
466317,Juninho BACUNA,1895293,Curaçao,CUW,Midfielder,0.0,5.0,0.0,0.0,0.0,0.0,0.0,0.0,0.0,0.0,4.0,0.0,0.0,2.0,0.0,3.0,1.0,3.0,1.0,20.0,1.0,6.170010566711426,9.0,1.0,2.0,5.0,1.0,148.0,21.0,2.0,0.0,3861.90966796875,804.9200134277344,10980.170166015625,1727.4800415039062,11370.469970703125,55.0,87.0,16.0,6.0,3.0,2.0,0.0,0.0,0.0,0.0,0.0,0.0,0.0,0.0,0.0,0.0,0.0,0.0,1.0,0.0,0.0,31.0,1.0,2.0,8.0,6.0,5.0,5.0,19.0,4.0,1.0,1.0,3.0,0.0,19.0,12.0,11.0,16.0,25.0,0.0,1.0,0.0,16.0,3.0,201.0,101.0,13.0,13.0,27.0,5.0,25.0,20.0,45.0,0.0,0.0,75.0,60.0,0.0,0.0,17.0,36.0,4.0,5.0,66.0,37.0,71.0,0.0,305.0,142.0,0.0,1.0,7.0,1.2976018339395523,1.0,280.02955,32.07666778564453,28744.94921875,0.3316208943724632,2.0,MF,20.0
494291,Ibrahim MAZA,43843,Algeria,ALG,Midfielder,0.0,11.0,0.0,3.0,2.0,0.0,0.0,0.0,0.0,1.0,7.0,0.0,0.0,7.0,2.0,5.0,3.0,4.0,1.0,26.0,1.0,6.852484583854675,17.0,1.0,0.0,1.0,0.0,153.0,14.0,0.0,0.0,6088.31005859375,439.10001373291016,20872.2099609375,1874.6600036621094,15187.16015625,97.0,147.0,25.0,1.0,5.0,0.0,0.0,0.0,0.0,0.0,0.0,0.0,0.0,0.0,0.0,0.0,0.0,0.0,1.0,0.0,0.0,55.0,6.0,0.0,10.0,5.0,2.0,4.0,32.0,13.0,6.0,2.0,6.0,1.0,32.0,21.0,17.0,25.0,47.0,3.0,0.0,1.0,26.0,4.0,342.0,164.0,22.0,39.0,122.0,51.0,153.0,59.0,212.0,0.0,0.0,141.0,111.0,0.0,0.0,69.0,59.0,4.0,14.0,122.0,45.0,136.0,0.0,524.0,152.0,0.0,1.0,12.0,4.392930686473846,2.0,389.37784999999997,32.71076202392578,44461.439453125,1.0575313285226002,0.0,MF,27.27272727272727
402884,Federico VALVERDE,43930,Uruguay,URU,Midfielder,0.0,10.0,0.0,0.0,1.0,1.0,0.0,2.0,2.0,1.0,5.0,0.0,0.0,3.0,0.0,8.0,2.0,7.0,2.0,7.0,5.0,5.779733816782634,6.0,5.0,2.0,8.0,0.0,76.0,8.0,3.0,0.0,2620.7000732421875,525.2099914550781,11423.419921875,1149.9400024414062,10197.330322265625,58.0,97.0,19.0,1.0,0.0,3.0,0.0,0.0,0.0,0.0,0.0,0.0,0.0,0.0,0.0,0.0,0.0,0.0,0.0,0.0,0.0,56.0,3.0,2.0,11.0,8.0,5.0,6.0,39.0,12.0,8.0,1.0,2.0,7.0,33.0,23.0,15.0,21.0,42.0,2.0,1.0,5.0,25.0,3.0,281.0,114.0,14.0,24.0,33.0,25.0,37.0,45.0,82.0,0.0,0.0,120.0,98.0,0.0,0.0,26.0,32.0,3.0,0.0,60.0,77.0,60.0,0.0,228.0,99.0,0.0,1.0,2.0,1.7470756769180298,1.0,272.8605166666666,34.8641471862793,25916.59912109375,0.4971671625971794,0.0,MF,20.0
424036,Pedro VITE,43927,Ecuador,ECU,Midfielder,1.0,4.0,0.0,0.0,1.0,0.0,0.0,0.0,0.0,0.0,3.0,0.0,0.0,1.0,0.0,3.0,1.0,3.0,1.0,5.0,2.0,6.381994724273682,3.0,2.0,2.0,7.0,3.0,119.0,29.0,10.0,0.0,7556.500244140625,324.4300079345703,17603.62158203125,2599.3300170898438,15290.72021484375,115.0,139.0,34.0,2.0,5.0,10.0,0.0,0.0,0.0,0.0,0.0,0.0,0.0,0.0,0.0,0.0,0.0,0.0,0.0,0.0,0.0,106.0,6.0,7.0,34.0,29.0,20.0,21.0,88.0,9.0,5.0,1.0,1.0,2.0,63.0,54.0,44.0,48.0,44.0,3.0,6.0,1.0,39.0,4.0,640.0,214.0,20.0,11.0,108.0,142.0,153.0,108.0,261.0,0.0,0.0,297.0,269.0,0.0,0.0,110.0,27.0,1.0,8.0,75.0,227.0,83.0,0.0,648.0,177.0,0.0,0.0,1.0,0.6004096381366253,0.0,407.5486833333333,30.89681625366211,43374.6015625,0.22573496028780937,0.0,MF,25.0
407993,MOHAMED KANNO,43835,Saudi Arabia,KSA,Midfielder,0.0,3.0,0.0,1.0,0.0,1.0,0.0,0.0,0.0,1.0,1.0,0.0,0.0,2.0,2.0,0.0,2.0,1.0,0.0,3.0,3.0,5.971347173055013,1.0,3.0,0.0,1.0,0.0,84.0,14.0,0.0,0.0,3269.7999877929688,430.44000244140625,9473.41015625,1120.7600402832031,11202.059814453125,56.0,68.0,10.0,5.0,0.0,1.0,0.0,0.0,0.0,0.0,0.0,0.0,0.0,0.0,0.0,0.0,0.0,0.0,2.0,1.0,0.0,36.0,3.0,1.0,8.0,7.0,4.0,4.0,30.0,6.0,4.0,1.0,2.0,1.0,22.0,19.0,15.0,17.0,23.0,2.0,1.0,1.0,18.0,3.0,244.0,94.0,6.0,4.0,15.0,14.0,29.0,4.0,33.0,0.0,0.0,104.0,97.0,0.0,0.0,18.0,27.0,1.0,7.0,49.0,65.0,56.0,0.0,287.0,88.0,1.0,0.0,1.0,0.9525019004940987,1.0,256.5089833333334,31.82990837097168,25496.4697265625,0.15549735724925995,1.0,MF,66.66666666666666
401894,JAMIRO MONTEIRO,43850,Cabo Verde,CPV,Midfielder,0.0,5.0,0.0,2.0,0.0,1.0,1.0,1.0,1.0,0.0,2.0,0.0,0.0,2.0,1.0,1.0,1.0,3.0,0.0,7.0,0.0,6.174851298332214,0.0,0.0,4.0,6.0,2.0,110.0,23.0,4.0,0.0,3714.9299926757812,389.32999420166016,14740.099609375,1479.5199890136719,12157.2705078125,52.0,80.0,12.0,4.0,2.0,4.0,0.0,0.0,0.0,0.0,0.0,0.0,0.0,0.0,0.0,0.0,0.0,0.0,0.0,0.0,0.0,21.0,0.0,2.0,4.0,2.0,2.0,2.0,8.0,3.0,1.0,1.0,3.0,0.0,14.0,5.0,5.0,12.0,13.0,0.0,0.0,0.0,2.0,4.0,259.0,117.0,11.0,12.0,73.0,20.0,69.0,36.0,105.0,0.0,0.0,106.0,87.0,0.0,0.0,40.0,17.0,0.0,12.0,53.0,60.0,65.0,0.0,339.0,109.0,1.0,3.0,0.0,0.803690928965807,1.0,314.9173166666667,30.840490341186523,32481.1494140625,0.1935720480978489,0.0,MF,20.0
395550,Jefferson LERMA,43926,Colombia,COL,Midfielder,0.0,5.0,0.0,0.0,0.0,0.0,0.0,0.0,0.0,3.0,2.0,0.0,0.0,2.0,0.0,2.0,1.0,3.0,1.0,6.0,1.0,6.5063042640686035,6.0,1.0,0.0,2.0,1.0,77.0,8.0,4.0,0.0,8326.989868164062,467.3699951171875,22340.430419921875,2263.5700073242188,16143.29052734375,100.0,135.0,13.0,6.0,5.0,4.0,0.0,0.0,0.0,0.0,0.0,0.0,0.0,0.0,0.0,0.0,0.0,0.0,0.0,0.0,0.0,65.0,2.0,4.0,28.0,24.0,22.0,22.0,51.0,2.0,0.0,0.0,0.0,0.0,35.0,27.0,25.0,29.0,36.0,0.0,2.0,0.0,23.0,5.0,592.0,211.0,23.0,3.0,44.0,124.0,145.0,26.0,171.0,0.0,0.0,274.0,242.0,0.0,0.0,71.0,14.0,1.0,10.0,80.0,196.0,90.0,0.0,713.0,170.0,0.0,2.0,1.0,0.3074062615633011,0.0,459.2047666666666,32.49641036987305,49541.6494140625,0.24133720993995667,1.0,MF,20.0
405175,Seko Fofana,43854,Côte d'Ivoire,CIV,Midfielder,0.0,5.0,0.0,1.0,0.0,1.0,0.0,0.0,0.0,0.0,4.0,0.0,0.0,0.0,0.0,2.0,1.0,5.0,1.0,0.0,0.0,3.37320339679718,0.0,0.0,0.0,0.0,0.0,28.0,1.0,1.0,0.0,2095.560089111328,271.2000045776367,4742.4798583984375,773.7899932861328,3744.679931640625,25.0,35.0,3.0,1.0,0.0,1.0,0.0,0.0,0.0,0.0,0.0,0.0,0.0,0.0,0.0,0.0,0.0,0.0,0.0,0.0,0.0,8.0,0.0,1.0,4.0,3.0,2.0,3.0,5.0,2.0,0.0,0.0,2.0,0.0,2.0,2.0,1.0,1.0,6.0,0.0,1.0,0.0,4.0,2.0,106.0,41.0,8.0,4.0,16.0,4.0,18.0,6.0,24.0,0.0,0.0,45.0,38.0,0.0,0.0,9.0,6.0,1.0,1.0,28.0,23.0,29.0,0.0,168.0,54.0,1.0,1.0,0.0,0.6813928484916687,0.0,103.66388333333335,31.836753845214844,11627.70947265625,0.3966021444648504,1.0,MF,20.0
483161,MOSTAFA ZICO,43855,Egypt,EGY,Midfielder,1.0,8.0,0.0,3.0,0.0,0.0,5.0,0.0,0.0,0.0,3.0,0.0,0.0,7.0,3.0,2.0,3.0,1.0,0.0,4.0,1.0,7.405750274658203,1.0,1.0,0.0,2.0,1.0,192.0,31.0,2.0,0.0,8625.230102539062,953.7599868774414,22693.02001953125,2933.7300415039062,13948.729736328125,30.0,59.0,15.0,6.0,5.0,2.0,0.0,0.0,0.0,0.0,0.0,0.0,0.0,0.0,2.0,0.0,2.0,0.0,2.0,0.0,0.0,30.0,4.0,0.0,7.0,4.0,2.0,3.0,17.0,7.0,3.0,1.0,2.0,1.0,16.0,10.0,8.0,11.0,19.0,2.0,0.0,0.0,7.0,5.0,215.0,112.0,17.0,83.0,68.0,15.0,99.0,67.0,166.0,2.0,0.0,83.0,57.0,0.0,0.0,34.0,61.0,6.0,20.0,36.0,52.0,56.0,0.0,726.0,225.0,0.0,5.0,0.0,10.087070107460022,2.0,398.27098333333333,32.44748306274414,49154.4697265625,1.099982164800167,0.0,MF,37.5
485677,Manu KONE,43946,France,FRA,Midfielder,0.0,6.0,0.0,1.0,0.0,0.0,0.0,0.0,0.0,2.0,4.0,0.0,0.0,1.0,1.0,3.0,2.0,5.0,1.0,14.0,2.0,4.025782942771912,9.0,1.0,0.0,1.0,0.0,91.0,23.0,1.0,0.0,7491.2901611328125,357.97999572753906,19970.889892578125,1599.8599548339844,15917.030151367188,103.0,134.0,24.0,6.0,7.0,1.0,,,0.0,0.0,0.0,0.0,0.0,0.0,0.0,0.0,0.0,0.0,0.0,0.0,0.0,58.0,2.0,4.0,16.0,13.0,9.0,10.0,50.0,3.0,3.0,0.0,0.0,1.0,39.0,34.0,29.0,32.0,22.0,2.0,2.0,1.0,17.0,5.0,586.0,225.0,26.0,3.0,24.0,63.0,63.0,27.0,90.0,0.0,0.0,263.0,242.0,0.0,0.0,42.0,12.0,1.0,10.0,86.0,191.0,96.0,0.0,590.0,110.0,1.0,1.0,2.0,0.9289012849330902,0.0,426.23925,30.279003143310547,45337.05078125,0.18647444806993008,1.0,MF,33.33333333333333
433118,Orkun KOKCU,43972,Türkiye,TUR,Midfielder,1.0,3.0,0.0,0.0,0.0,0.0,1.0,0.0,0.0,0.0,2.0,0.0,0.0,2.0,0.0,2.0,0.0,1.0,0.0,5.0,0.0,6.597462336222331,3.0,0.0,2.0,6.0,0.0,37.0,9.0,4.0,0.0,2586.939910888672,317.53000259399414,8746.799682617188,850.8400573730469,6717.910003662109,32.0,59.0,7.0,2.0,4.0,4.0,0.0,0.0,0.0,0.0,0.0,0.0,0.0,0.0,0.0,0.0,0.0,0.0,0.0,0.0,0.0,38.0,1.0,3.0,7.0,3.0,1.0,3.0,21.0,4.0,1.0,1.0,2.0,1.0,27.0,17.0,15.0,22.0,19.0,0.0,2.0,0.0,8.0,3.0,204.0,87.0,13.0,20.0,48.0,37.0,73.0,32.0,105.0,0.0,0.0,85.0,60.0,0.0,0.0,33.0,23.0,2.0,4.0,37.0,57.0,41.0,0.0,207.0,67.0,1.0,2.0,2.0,1.4953924417495728,1.0,172.91901666666666,31.273176193237305,19220.020141601562,0.5604425854980946,0.0,MF,0.0
430697,Jean-Ricner Bellegarde,43908,Haiti,HAI,Midfielder,0.0,6.0,0.0,3.0,0.0,1.0,0.0,2.0,2.0,0.0,3.0,0.0,0.0,1.0,0.0,3.0,0.0,5.0,0.0,9.0,4.0,6.6360249519348145,6.0,4.0,5.0,12.0,3.0,89.0,17.0,15.0,0.0,5145.4600830078125,276.74999237060547,14815.9501953125,1332.9899597167969,10798.8701171875,54.0,79.0,13.0,4.0,5.0,17.0,0.0,0.0,0.0,0.0,0.0,0.0,0.0,0.0,0.0,0.0,0.0,0.0,1.0,2.0,0.0,58.0,4.0,4.0,13.0,10.0,5.0,5.0,38.0,5.0,3.0,0.0,0.0,1.0,40.0,25.0,20.0,31.0,37.0,3.0,2.0,0.0,27.0,3.0,299.0,135.0,14.0,8.0,53.0,48.0,82.0,27.0,109.0,0.0,0.0,130.0,112.0,0.0,0.0,45.0,17.0,0.0,5.0,53.0,83.0,58.0,0.0,431.0,112.0,0.0,1.0,1.0,0.36849648505449295,0.0,292.5059666666667,34.21611404418945,32370.0205078125,0.2871517390012741,1.0,MF,0.0
429642,Jamal MUSIALA,43948,Germany,GER,Midfielder,0.0,6.0,0.0,2.0,1.0,0.0,0.0,0.0,0.0,1.0,4.0,0.0,0.0,4.0,1.0,2.0,1.0,2.0,0.0,24.0,0.0,6.605733275413513,13.0,0.0,0.0,8.0,0.0,107.0,19.0,0.0,0.0,4875.219970703125,631.4400024414062,14592.239990234375,1818.9499816894531,11628.66064453125,87.0,131.0,13.0,5.0,11.0,0.0,0.0,0.0,0.0,0.0,0.0,0.0,0.0,0.0,1.0,0.0,1.0,0.0,0.0,0.0,0.0,29.0,3.0,0.0,3.0,2.0,0.0,0.0,23.0,9.0,6.0,4.0,6.0,0.0,17.0,15.0,13.0,14.0,28.0,2.0,0.0,0.0,22.0,4.0,288.0,147.0,15.0,32.0,113.0,35.0,121.0,59.0,180.0,0.0,0.0,104.0,86.0,0.0,0.0,73.0,65.0,6.0,15.0,116.0,29.0,131.0,0.0,412.0,140.0,1.0,2.0,10.0,5.284891963005066,2.0,305.8442,32.34675979614258,33546.51025390625,0.34200455620884895,1.0,MF,16.666666666666664
477795,Fares CHAIBI,43843,Algeria,ALG,Midfielder,0.0,9.0,0.0,2.0,2.0,0.0,0.0,1.0,0.0,0.0,6.0,0.0,0.0,4.0,1.0,4.0,3.0,5.0,2.0,10.0,3.0,6.763851761817932,7.0,3.0,4.0,7.0,0.0,140.0,16.0,1.0,0.0,6271.35009765625,775.4499664306641,21186.70947265625,2264.2500915527344,15036.440185546875,112.0,148.0,30.0,3.0,2.0,1.0,0.0,0.0,0.0,0.0,0.0,0.0,0.0,0.0,0.0,0.0,0.0,0.0,1.0,0.0,0.0,65.0,5.0,7.0,20.0,14.0,8.0,8.0,44.0,10.0,5.0,2.0,4.0,1.0,35.0,25.0,18.0,22.0,36.0,2.0,4.0,1.0,16.0,4.0,535.0,195.0,19.0,38.0,84.0,80.0,121.0,81.0,202.0,1.0,0.0,244.0,220.0,0.0,0.0,85.0,46.0,4.0,10.0,92.0,163.0,102.0,0.0,549.0,177.0,0.0,0.0,3.0,2.728266417980194,2.0,403.12651666666665,32.68711853027344,45534.19921875,0.6354444250464439,1.0,MF,33.33333333333333
371736,Saeid EZATOLAHI,43817,IR Iran,IRN,Midfielder,0.0,6.0,0.0,0.0,0.0,1.0,1.0,0.0,0.0,2.0,2.0,0.0,0.0,2.0,0.0,4.0,2.0,4.0,2.0,4.0,0.0,6.596081256866455,3.0,0.0,0.0,0.0,0.0,96.0,22.0,3.0,0.0,4763.080078125,64.03000164031982,15067.4599609375,988.8599548339844,11952.96923828125,43.0,60.0,22.0,7.0,4.0,3.0,0.0,0.0,0.0,0.0,0.0,0.0,0.0,0.0,0.0,0.0,0.0,0.0,2.0,0.0,0.0,43.0,2.0,2.0,15.0,12.0,9.0,11.0,29.0,4.0,2.0,0.0,0.0,2.0,24.0,15.0,11.0,18.0,20.0,1.0,2.0,1.0,15.0,3.0,227.0,105.0,8.0,1.0,22.0,37.0,50.0,10.0,60.0,0.0,0.0,99.0,78.0,0.0,0.0,19.0,6.0,0.0,6.0,34.0,64.0,40.0,0.0,406.0,65.0,0.0,1.0,1.0,0.27945346385240555,1.0,298.6881666666667,26.68060874938965,32836.3984375,0.49396052211523056,2.0,MF,33.33333333333333
486081,Lukas CERV,43995,Czechia,CZE,Midfielder,0.0,3.0,0.0,0.0,0.0,0.0,0.0,0.0,0.0,3.0,0.0,0.0,0.0,1.0,1.0,0.0,2.0,2.0,1.0,5.0,1.0,4.243162473042806,3.0,1.0,0.0,1.0,0.0,27.0,11.0,0.0,0.0,2561.1199951171875,89.80999946594238,8678.509765625,767.1199951171875,6129.68994140625,20.0,27.0,6.0,3.0,3.0,0.0,,,0.0,0.0,0.0,0.0,0.0,0.0,0.0,0.0,0.0,0.0,0.0,0.0,0.0,19.0,2.0,3.0,6.0,2.0,1.0,1.0,9.0,2.0,0.0,0.0,0.0,0.0,11.0,7.0,6.0,6.0,9.0,0.0,1.0,0.0,7.0,2.0,97.0,45.0,4.0,2.0,28.0,37.0,54.0,13.0,67.0,0.0,0.0,42.0,36.0,0.0,0.0,23.0,4.0,0.0,0.0,18.0,31.0,18.0,0.0,204.0,53.0,0.0,2.0,1.0,0.19350719451904297,0.0,172.187,28.67286491394043,18226.25,0.06248646043241024,0.0,MF,66.66666666666666
448103,Fabian RIEDER,43971,Switzerland,SUI,Midfielder,0.0,7.0,0.0,3.0,1.0,0.0,1.0,1.0,1.0,2.0,2.0,0.0,0.0,4.0,2.0,3.0,2.0,3.0,0.0,8.0,2.0,6.038580099741618,3.0,2.0,8.0,16.0,0.0,210.0,30.0,5.0,0.0,6485.689880371094,692.5599746704102,16995.380126953125,2319.119918823242,12436.550598144531,54.0,80.0,19.0,3.0,6.0,5.0,0.0,0.0,0.0,0.0,0.0,0.0,0.0,0.0,0.0,0.0,0.0,0.0,0.0,0.0,0.0,32.0,3.0,1.0,4.0,2.0,0.0,0.0,14.0,10.0,4.0,2.0,5.0,2.0,18.0,8.0,6.0,12.0,11.0,2.0,0.0,0.0,6.0,5.0,232.0,118.0,15.0,48.0,110.0,14.0,106.0,66.0,172.0,0.0,0.0,87.0,71.0,0.0,0.0,36.0,56.0,7.0,15.0,67.0,33.0,82.0,0.0,566.0,179.0,2.0,3.0,2.0,5.197326183319092,1.0,332.84105000000005,32.820194244384766,38929.30078125,1.0901505053043365,0.0,MF,28.57142857142857
482774,Martin BATURINA,43938,Croatia,CRO,Midfielder,0.0,3.0,0.0,1.0,0.0,0.0,0.0,0.0,0.0,0.0,3.0,0.0,0.0,0.0,0.0,1.0,1.0,3.0,1.0,16.0,1.0,6.583574056625366,10.0,1.0,2.0,10.0,2.0,119.0,8.0,1.0,0.0,5665.070068359375,693.7899475097656,16578.85986328125,2335.9500732421875,12532.0,63.0,90.0,17.0,1.0,14.0,1.0,0.0,0.0,0.0,0.0,0.0,0.0,0.0,0.0,1.0,0.0,0.0,1.0,0.0,0.0,0.0,28.0,3.0,1.0,4.0,0.0,0.0,0.0,12.0,8.0,4.0,3.0,4.0,1.0,16.0,8.0,7.0,11.0,18.0,0.0,0.0,1.0,8.0,4.0,240.0,113.0,10.0,40.0,62.0,17.0,59.0,60.0,119.0,0.0,0.0,93.0,80.0,0.0,0.0,43.0,53.0,3.0,9.0,65.0,57.0,74.0,0.0,489.0,175.0,0.0,3.0,8.0,2.9426292777061462,2.0,344.2972500000001,33.58800506591797,37805.6708984375,0.09824090264737606,0.0,MF,33.33333333333333
484092,Ismail YUKSEK,43972,Türkiye,TUR,Midfielder,0.0,5.0,0.0,0.0,1.0,1.0,0.0,0.0,0.0,1.0,2.0,0.0,0.0,3.0,0.0,5.0,0.0,2.0,0.0,5.0,2.0,4.432943026224772,5.0,2.0,0.0,1.0,0.0,34.0,13.0,1.0,0.0,1884.6900024414062,265.6399917602539,7478.43017578125,604.510009765625,6692.7099609375,43.0,57.0,16.0,2.0,0.0,2.0,0.0,0.0,0.0,0.0,0.0,0.0,0.0,0.0,0.0,0.0,0.0,0.0,1.0,1.0,0.0,27.0,0.0,0.0,12.0,10.0,10.0,12.0,21.0,2.0,1.0,0.0,0.0,2.0,13.0,10.0,9.0,11.0,16.0,0.0,0.0,1.0,12.0,2.0,249.0,103.0,19.0,7.0,11.0,30.0,35.0,13.0,48.0,0.0,0.0,111.0,104.0,0.0,0.0,23.0,4.0,2.0,6.0,27.0,85.0,33.0,0.0,156.0,43.0,0.0,2.0,3.0,0.8870571851730347,1.0,153.4686,32.27121353149414,16925.97998046875,0.3157830536365509,0.0,MF,0.0
